fid,State,County,geoid20,countyfips,centroid_zip_code,statefp20,countyfp20,tractce20,blockce20,name20,mtfcc20,funcstat20,aland20,awater20,intptlat20,intptlon20,pop20,ur20,uace20,uatype20,housing20,hex_esri_date,oz,len_meters,len_feet,len_miles,hh_linear_mile,sq_miles,hh_sq_mile,frac_urban20,is_urban20,num_block_groups,acs_households_est,acs_median_income_est,acs_date,auction_903_funding,auction_904_funding,fcc_bpt_pr,tr_cpf,fcc_caf_usvi,ntia_bip,ntia_tribal,usda_commcon,usda_reconnect,usda_rd_tl,nc_great,auction_903_funding_pct,auction_904_funding_pct,fcc_bpt_pr_pct,tr_cpf_pct,fcc_caf_usvi_pct,ntia_bip_pct,ntia_tribal_pct,usda_commcon_pct,usda_reconnect_pct,usda_rd_tl_pct,nc_great_pct,federal_funding,state_funding,any_funding,hex_info_date,num_locations,business_residential_codes,technology_codes,provider_ids,low_latencies,min_download,max_download,min_upload,max_upload,served_10_1,served_25_3,served_100_20,served_100_100,served_1000_100,served_1000_1000,len_miles_full,sq_miles_full,funding_source,served_10_1_pct,served_25_3_pct,served_100_20_pct,Unnamed: 83,served_100_100_pct,served_1000_100_pct,served_1000_1000_pct,served_10_1_flag,served_25_3_flag,served_100_20_flag,served_100_100_flag,served_1000_100_flag,served_1000_1000_flag,unserved_10_1_flag,unserved_25_3_flag,unserved_100_20_flag,unserved_100_100_flag,unserved_1000_100_flag,unserved_1000_1000_flag,served_10_1_group,served_25_3_group,served_100_20_group,served_100_100_group,served_1000_100_group,served_1000_1000_group,fully_served_10_1_flag,fully_served_25_3_flag,fully_served_100_20_flag,fully_served_100_100_flag,fully_served_1000_100_flag,fully_served_1000_1000_flag,partially_served_10_1_flag,partially_served_25_3_flag,partially_served_100_20_flag,partially_served_100_100_flag,partially_served_1000_100_flag,partially_served_1000_1000_flag,poorly_served_10_1_flag,poorly_served_25_3_flag,poorly_served_100_20_flag,poorly_served_100_100_flag,poorly_served_1000_100_flag,poorly_served_1000_1000_flag,fiber_density_group,wireless_density_group,group_order,Unserved_100_20_households
207,0,0,0,41009,97054,41,9,0,0,0,0,0,0,0,45,-122,0,0,0,0,8,0,0,952,3126,0,13,0,30,0,0,1,4,89519,0,0,0,0,0,0,0,0,0,0,0,0,0,0,0,0,0,0,0,0,0,0,0,0,0,0,0,0,0,0,0,1,0,0,0,0,0,0,0,0,0,0,0,0,0,0,0,0,8,0,0,0,0,0,0,0,0,0,1,1,1,1,1,1,0,0,0,0,0,0,0,0,0,0,0,0,1,1,1,1,1,1,0,0,0,0,0,0,0,0,1,8
348,0,0,0,41009,97048,41,9,0,0,0,0,0,0,0,45,-123,0,0,0,0,3,0,0,2968,9739,1,1,0,11,0,0,3,3,79994,0,0,0,0,0,0,0,0,0,0,0,0,0,0,0,0,0,0,0,0,0,0,0,0,0,0,0,0,0,0,0,1,0,0,0,0,0,0,0,0,0,0,1,0,0,0,0,0,3,0,0,0,0,0,0,0,0,0,1,1,1,1,1,1,0,0,0,0,0,0,0,0,0,0,0,0,1,1,1,1,1,1,0,0,0,0,0,0,0,0,1,3
351,0,0,0,41009,97054,41,9,0,0,0,0,0,0,0,45,-122,0,0,0,0,3,0,0,782,2566,0,6,0,11,0,0,2,3,73631,0,0,0,0,0,0,0,0,0,0,0,0,0,0,0,0,0,0,0,0,0,0,0,0,0,0,0,1,0,0,0,1,1500,1500,1500,1500,1,1,1,1,1,1,0,0,0,0,0,0,2,0,0,0,1,1,1,1,1,1,0,0,0,0,0,0,0,0,0,0,0,0,0,0,0,0,0,0,1,1,1,1,1,1,0,0,0,0,0,0,0,0,1,2
352,0,0,0,41009,97054,41,9,0,0,0,0,0,0,0,45,-122,0,0,0,0,3,0,0,437,1436,0,11,0,11,0,0,2,3,69809,0,0,0,0,0,0,0,0,0,0,0,0,0,0,0,0,0,0,0,0,0,0,0,0,0,0,0,0,0,0,0,1,0,0,0,0,0,0,0,0,0,0,0,0,0,0,0,0,3,0,0,0,0,0,0,0,0,0,1,1,1,1,1,1,0,0,0,0,0,0,0,0,0,0,0,0,1,1,1,1,1,1,0,0,0,0,0,0,0,0,1,3
353,0,0,0,41009,97054,41,9,0,0,0,0,0,0,0,45,-122,0,0,0,0,14,0,0,1946,6386,1,11,0,54,0,0,2,4,92798,0,0,0,0,0,0,0,0,0,0,0,0,0,0,0,0,0,0,0,0,0,0,0,0,0,0,0,2,0,0,0,1,1500,1500,1500,1500,2,2,2,2,2,2,1,0,0,0,0,0,12,0,0,0,1,1,1,1,1,1,0,0,0,0,0,0,0,0,0,0,0,0,0,0,0,0,0,0,1,1,1,1,1,1,0,0,0,0,0,0,0,0,1,11
354,0,0,0,41009,97054,41,9,0,0,0,0,0,0,0,45,-122,0,0,0,0,10,0,0,574,1885,0,28,0,38,0,0,2,3,70362,0,0,0,0,0,0,0,0,0,0,0,0,0,0,0,0,0,0,0,0,0,0,0,0,0,0,0,0,0,0,0,1,0,0,0,0,0,0,0,0,0,0,0,0,0,0,0,0,10,0,0,0,0,0,0,0,0,0,1,1,1,1,1,1,0,0,0,0,0,0,0,0,0,0,0,0,1,1,1,1,1,1,0,0,0,0,0,0,0,0,1,10
355,0,0,0,41009,97054,41,9,0,0,0,0,0,0,0,45,-123,0,0,0,0,1,0,0,860,2824,0,1,0,3,0,0,1,4,93975,0,0,0,0,0,0,0,0,0,0,0,0,0,0,0,0,0,0,0,0,0,0,0,0,0,0,0,0,0,0,0,1,0,0,0,0,0,0,0,0,0,0,0,0,0,0,0,0,1,0,0,0,0,0,0,0,0,0,1,1,1,1,1,1,0,0,0,0,0,0,0,0,0,0,0,0,1,1,1,1,1,1,0,0,0,0,0,0,0,0,1,1
356,0,0,0,41009,97054,41,9,0,0,0,0,0,0,0,45,-123,0,0,0,0,1,0,0,441,1449,0,3,0,3,0,0,1,4,93975,0,0,0,0,0,0,0,0,0,0,0,0,0,0,0,0,0,0,0,0,0,0,0,0,0,0,0,0,0,0,0,1,0,0,0,0,0,0,0,0,0,0,0,0,0,0,0,0,1,0,0,0,0,0,0,0,0,0,1,1,1,1,1,1,0,0,0,0,0,0,0,0,0,0,0,0,1,1,1,1,1,1,0,0,0,0,0,0,0,0,1,1
357,0,0,0,41009,97054,41,9,0,0,0,0,0,0,0,45,-122,0,0,0,0,3,0,0,2049,6724,1,2,0,11,0,0,2,3,69361,0,0,0,0,0,0,0,0,0,0,0,0,0,0,0,0,0,0,0,0,0,0,0,0,0,0,0,0,0,0,0,1,0,0,0,0,0,0,0,0,0,0,1,0,0,0,0,0,3,0,0,0,0,0,0,0,0,0,1,1,1,1,1,1,0,0,0,0,0,0,0,0,0,0,0,0,1,1,1,1,1,1,0,0,0,0,0,0,0,0,1,3
358,0,0,0,41009,97054,41,9,0,0,0,0,0,0,0,45,-122,0,0,0,0,1,0,0,395,1298,0,4,0,3,0,0,2,3,68958,0,0,0,0,0,0,0,0,0,0,0,0,0,0,0,0,0,0,0,0,0,0,0,0,0,0,0,0,0,0,0,1,0,0,0,0,0,0,0,0,0,0,0,0,0,0,0,0,1,0,0,0,0,0,0,0,0,0,1,1,1,1,1,1,0,0,0,0,0,0,0,0,0,0,0,0,1,1,1,1,1,1,0,0,0,0,0,0,0,0,1,1
359,0,0,0,41009,97054,41,9,0,0,0,0,0,0,0,45,-122,0,0,0,0,6,0,0,1797,5898,1,5,0,23,0,0,1,3,68958,0,0,0,0,0,0,0,0,0,0,0,0,0,0,0,0,0,0,0,0,0,0,0,0,0,0,0,0,0,0,0,1,0,0,0,0,0,0,0,0,0,0,1,0,0,0,0,0,6,0,0,0,0,0,0,0,0,0,1,1,1,1,1,1,0,0,0,0,0,0,0,0,0,0,0,0,1,1,1,1,1,1,0,0,0,0,0,0,0,0,1,6
360,0,0,0,41009,97054,41,9,0,0,0,0,0,0,0,45,-122,0,0,0,0,3,0,0,1639,5380,1,2,0,11,0,0,2,4,71647,0,0,0,0,0,0,0,0,0,0,0,0,0,0,0,0,0,0,0,0,0,0,0,0,0,0,0,0,0,0,0,1,0,0,0,0,0,0,0,0,0,0,1,0,0,0,0,0,3,0,0,0,0,0,0,0,0,0,1,1,1,1,1,1,0,0,0,0,0,0,0,0,0,0,0,0,1,1,1,1,1,1,0,0,0,0,0,0,0,0,1,3
361,0,0,0,41009,97054,41,9,0,0,0,0,0,0,0,45,-122,0,0,0,0,3,0,0,1995,6547,1,2,0,11,0,0,2,4,84491,0,0,0,0,0,0,0,0,0,0,0,0,0,0,0,0,0,0,0,0,0,0,0,0,0,0,0,0,0,0,0,1,0,0,0,0,0,0,0,0,0,0,1,0,0,0,0,0,3,0,0,0,0,0,0,0,0,0,1,1,1,1,1,1,0,0,0,0,0,0,0,0,0,0,0,0,1,1,1,1,1,1,0,0,0,0,0,0,0,0,1,3
362,0,0,0,41009,97054,41,9,0,0,0,0,0,0,0,45,-122,0,0,0,0,14,0,0,1701,5581,1,13,0,54,0,0,1,3,68958,0,0,0,0,0,0,0,0,0,0,0,0,0,0,0,0,0,0,0,0,0,0,0,0,0,0,0,0,0,0,0,1,0,0,0,0,0,0,0,0,0,0,1,0,0,0,0,0,14,0,0,0,0,0,0,0,0,0,1,1,1,1,1,1,0,0,0,0,0,0,0,0,0,0,0,0,1,1,1,1,1,1,0,0,0,0,0,0,0,0,1,14
363,0,0,0,41009,97054,41,9,0,0,0,0,0,0,0,45,-123,0,0,0,0,10,0,0,783,2570,0,20,0,38,0,0,2,3,68970,0,0,0,0,0,0,0,0,0,0,0,0,0,0,0,0,0,0,0,0,0,0,0,0,0,0,0,0,0,0,0,1,0,0,0,0,0,0,0,0,0,0,0,0,0,0,0,0,10,0,0,0,0,0,0,0,0,0,1,1,1,1,1,1,0,0,0,0,0,0,0,0,0,0,0,0,1,1,1,1,1,1,0,0,0,0,0,0,0,0,1,10
365,0,0,0,41009,97054,41,9,0,0,0,0,0,0,0,45,-123,0,0,0,0,9,0,0,2052,6733,1,7,0,34,0,0,2,4,87847,0,0,0,0,0,0,0,0,0,0,0,0,0,0,0,0,0,0,0,0,0,0,0,0,0,0,0,0,0,0,0,1,0,0,0,0,0,0,0,0,0,0,1,0,0,0,0,0,9,0,0,0,0,0,0,0,0,0,1,1,1,1,1,1,0,0,0,0,0,0,0,0,0,0,0,0,1,1,1,1,1,1,0,0,0,0,0,0,0,0,1,9
370,0,0,0,41009,97054,41,9,0,0,0,0,0,0,0,45,-122,0,0,0,0,10,0,0,1295,4250,0,12,0,38,0,0,2,4,77292,0,0,0,0,0,0,0,0,0,0,0,0,0,0,0,0,0,0,0,0,0,0,0,0,0,0,0,0,0,0,0,1,0,0,0,0,0,0,0,0,0,0,0,0,0,0,0,0,10,0,0,0,0,0,0,0,0,0,1,1,1,1,1,1,0,0,0,0,0,0,0,0,0,0,0,0,1,1,1,1,1,1,0,0,0,0,0,0,0,0,1,10
371,0,0,0,41009,97054,41,9,0,0,0,0,0,0,0,45,-122,0,0,0,0,4,0,0,1120,3675,0,5,0,15,0,0,1,4,89519,0,0,0,0,0,0,0,0,0,0,0,0,0,0,0,0,0,0,0,0,0,0,0,0,0,0,0,0,0,0,0,1,0,0,0,0,0,0,0,0,0,0,0,0,0,0,0,0,4,0,0,0,0,0,0,0,0,0,1,1,1,1,1,1,0,0,0,0,0,0,0,0,0,0,0,0,1,1,1,1,1,1,0,0,0,0,0,0,0,0,1,4
372,0,0,0,41009,97054,41,9,0,0,0,0,0,0,0,45,-122,0,0,0,0,8,0,0,2313,7590,1,5,0,30,0,0,3,4,89589,0,0,0,0,0,0,0,0,0,0,0,0,0,0,0,0,0,0,0,0,0,0,0,0,0,0,0,0,0,0,0,1,0,0,0,0,0,0,0,0,0,0,1,0,0,0,0,0,8,0,0,0,0,0,0,0,0,0,1,1,1,1,1,1,0,0,0,0,0,0,0,0,0,0,0,0,1,1,1,1,1,1,0,0,0,0,0,0,0,0,1,8
373,0,0,0,41009,97054,41,9,0,0,0,0,0,0,0,45,-122,0,0,0,0,4,0,0,1635,5365,1,3,0,15,0,0,3,4,75109,0,0,0,0,0,0,0,0,0,0,0,0,0,0,0,0,0,0,0,0,0,0,0,0,0,0,0,0,0,0,0,1,0,0,0,0,0,0,0,0,0,0,1,0,0,0,0,0,4,0,0,0,0,0,0,0,0,0,1,1,1,1,1,1,0,0,0,0,0,0,0,0,0,0,0,0,1,1,1,1,1,1,0,0,0,0,0,0,0,0,1,4
374,0,0,0,41009,97048,41,9,0,0,0,0,0,0,0,45,-123,0,0,0,0,1,0,0,2152,7062,1,0,0,3,0,0,2,3,84633,0,0,0,0,0,0,0,0,0,0,0,0,0,0,0,0,0,0,0,0,0,0,0,0,0,0,0,0,0,0,0,1,0,0,0,0,0,0,0,0,0,0,1,0,0,0,0,0,1,0,0,0,0,0,0,0,0,0,1,1,1,1,1,1,0,0,0,0,0,0,0,0,0,0,0,0,1,1,1,1,1,1,0,0,0,0,0,0,0,0,1,1
375,0,0,0,41009,97048,41,9,0,0,0,0,0,0,0,46,-123,0,0,0,0,6,0,0,2665,8744,1,3,0,23,0,0,3,3,68703,0,0,0,0,0,0,0,0,0,0,0,0,0,0,0,0,0,0,0,0,0,0,0,0,0,0,0,0,0,0,0,1,0,0,0,0,0,0,0,0,0,0,1,0,0,0,0,0,6,0,0,0,0,0,0,0,0,0,1,1,1,1,1,1,0,0,0,0,0,0,0,0,0,0,0,0,1,1,1,1,1,1,0,0,0,0,0,0,0,0,1,6
376,0,0,0,41009,97048,41,9,0,0,0,0,0,0,0,46,-123,0,0,0,0,17,0,0,3126,10256,1,8,0,65,0,0,3,5,65967,0,0,0,0,0,0,0,0,0,0,0,0,0,0,0,0,0,0,0,0,0,0,0,0,0,0,0,0,0,0,0,1,0,0,0,0,0,0,0,0,0,0,1,0,0,0,0,0,17,0,0,0,0,0,0,0,0,0,1,1,1,1,1,1,0,0,0,0,0,0,0,0,0,0,0,0,1,1,1,1,1,1,0,0,0,0,0,0,0,0,1,17
377,0,0,0,41009,97048,41,9,0,0,0,0,0,0,0,46,-123,0,0,0,0,6,0,0,1721,5649,1,5,0,23,0,0,1,3,68958,0,0,0,0,0,0,0,0,0,0,0,0,0,0,0,0,0,0,0,0,0,0,0,0,0,0,0,0,0,0,0,1,0,0,0,0,0,0,0,0,0,0,1,0,0,0,0,0,6,0,0,0,0,0,0,0,0,0,1,1,1,1,1,1,0,0,0,0,0,0,0,0,0,0,0,0,1,1,1,1,1,1,0,0,0,0,0,0,0,0,1,6
378,0,0,0,41009,97048,41,9,0,0,0,0,0,0,0,46,-123,0,0,0,0,2,0,0,1180,3872,0,2,0,7,0,0,2,7,66321,0,0,0,0,0,0,0,0,0,0,0,0,0,0,0,0,0,0,0,0,0,0,0,0,0,0,0,0,0,0,0,1,0,0,0,0,0,0,0,0,0,0,0,0,0,0,0,0,2,0,0,0,0,0,0,0,0,0,1,1,1,1,1,1,0,0,0,0,0,0,0,0,0,0,0,0,1,1,1,1,1,1,0,0,0,0,0,0,0,0,1,2
379,0,0,0,41009,97048,41,9,0,0,0,0,0,0,0,46,-123,0,0,0,0,2,0,0,2273,7458,1,1,0,7,0,0,3,3,70469,0,0,0,0,0,0,0,0,0,0,0,0,0,0,0,0,0,0,0,0,0,0,0,0,0,0,0,0,0,0,0,1,0,0,0,0,0,0,0,0,0,0,1,0,0,0,0,0,2,0,0,0,0,0,0,0,0,0,1,1,1,1,1,1,0,0,0,0,0,0,0,0,0,0,0,0,1,1,1,1,1,1,0,0,0,0,0,0,0,0,1,2
380,0,0,0,41009,97048,41,9,0,0,0,0,0,0,0,46,-123,0,0,0,0,4,0,0,1091,3582,0,5,0,15,0,0,3,3,64792,0,0,0,0,0,0,0,0,0,0,0,0,0,0,0,0,0,0,0,0,0,0,0,0,0,0,0,0,0,0,0,1,0,0,0,0,0,0,0,0,0,0,0,0,0,0,0,0,4,0,0,0,0,0,0,0,0,0,1,1,1,1,1,1,0,0,0,0,0,0,0,0,0,0,0,0,1,1,1,1,1,1,0,0,0,0,0,0,0,0,1,4
381,0,0,0,41009,97016,41,9,0,0,0,0,0,0,0,46,-123,0,0,0,0,1,0,0,1131,3713,0,1,0,3,0,0,1,3,64141,0,0,0,0,0,0,0,0,0,0,0,0,0,0,0,0,0,0,0,0,0,0,0,0,0,0,0,0,0,0,0,1,0,0,0,0,0,0,0,0,0,0,0,0,0,0,0,0,1,0,0,0,0,0,0,0,0,0,1,1,1,1,1,1,0,0,0,0,0,0,0,0,0,0,0,0,1,1,1,1,1,1,0,0,0,0,0,0,0,0,1,1
382,0,0,0,41009,97048,41,9,0,0,0,0,0,0,0,46,-123,0,0,0,0,4,0,0,960,3151,0,6,0,15,0,0,1,3,64141,0,0,0,0,0,0,0,0,0,0,0,0,0,0,0,0,0,0,0,0,0,0,0,0,0,0,0,0,0,0,0,1,0,0,0,0,0,0,0,0,0,0,0,0,0,0,0,0,4,0,0,0,0,0,0,0,0,0,1,1,1,1,1,1,0,0,0,0,0,0,0,0,0,0,0,0,1,1,1,1,1,1,0,0,0,0,0,0,0,0,1,4
383,0,0,0,41009,97048,41,9,0,0,0,0,0,0,0,46,-123,0,0,0,0,1,0,0,2046,6713,1,0,0,3,0,0,1,3,64141,0,0,0,0,0,0,0,0,0,0,0,0,0,0,0,0,0,0,0,0,0,0,0,0,0,0,0,0,0,0,0,1,0,0,0,0,0,0,0,0,0,0,1,0,0,0,0,0,1,0,0,0,0,0,0,0,0,0,1,1,1,1,1,1,0,0,0,0,0,0,0,0,0,0,0,0,1,1,1,1,1,1,0,0,0,0,0,0,0,0,1,1
384,0,0,0,41009,97048,41,9,0,0,0,0,0,0,0,45,-123,0,0,0,0,1,0,0,2206,7239,1,0,0,3,0,0,2,3,74809,0,0,0,0,0,0,0,0,0,0,0,0,0,0,0,0,0,0,0,0,0,0,0,0,0,0,0,0,0,0,0,1,0,0,0,0,0,0,0,0,0,0,1,0,0,0,0,0,1,0,0,0,0,0,0,0,0,0,1,1,1,1,1,1,0,0,0,0,0,0,0,0,0,0,0,0,1,1,1,1,1,1,0,0,0,0,0,0,0,0,1,1
385,0,0,0,41009,97048,41,9,0,0,0,0,0,0,0,45,-123,0,0,0,0,2,0,0,2144,7035,1,1,0,7,0,0,1,3,64141,0,0,0,0,0,0,0,0,0,0,0,0,0,0,0,0,0,0,0,0,0,0,0,0,0,0,0,0,0,0,0,1,0,0,0,0,0,0,0,0,0,0,1,0,0,0,0,0,2,0,0,0,0,0,0,0,0,0,1,1,1,1,1,1,0,0,0,0,0,0,0,0,0,0,0,0,1,1,1,1,1,1,0,0,0,0,0,0,0,0,1,2
386,0,0,0,41009,97048,41,9,0,0,0,0,0,0,0,45,-123,0,0,0,0,2,0,0,2367,7769,1,1,0,7,0,0,1,3,64141,0,0,0,0,0,0,0,0,0,0,0,0,0,0,0,0,0,0,0,0,0,0,0,0,0,0,0,0,0,0,0,1,0,0,0,0,0,0,0,0,0,0,1,0,0,0,0,0,2,0,0,0,0,0,0,0,0,0,1,1,1,1,1,1,0,0,0,0,0,0,0,0,0,0,0,0,1,1,1,1,1,1,0,0,0,0,0,0,0,0,1,2
387,0,0,0,41009,97048,41,9,0,0,0,0,0,0,0,45,-123,0,0,0,0,3,0,0,1009,3312,0,4,0,11,0,0,2,4,85311,0,0,0,0,0,0,0,0,0,0,0,0,0,0,0,0,0,0,0,0,0,0,0,0,0,0,0,0,0,0,0,1,0,0,0,0,0,0,0,0,0,0,0,0,0,0,0,0,3,0,0,0,0,0,0,0,0,0,1,1,1,1,1,1,0,0,0,0,0,0,0,0,0,0,0,0,1,1,1,1,1,1,0,0,0,0,0,0,0,0,1,3
388,0,0,0,41009,97048,41,9,0,0,0,0,0,0,0,45,-123,0,0,0,0,2,0,0,746,2450,0,4,0,7,0,0,2,4,88150,0,0,0,0,0,0,0,0,0,0,0,0,0,0,0,0,0,0,0,0,0,0,0,0,0,0,0,0,0,0,0,1,0,0,0,0,0,0,0,0,0,0,0,0,0,0,0,0,2,0,0,0,0,0,0,0,0,0,1,1,1,1,1,1,0,0,0,0,0,0,0,0,0,0,0,0,1,1,1,1,1,1,0,0,0,0,0,0,0,0,1,2
389,0,0,0,41009,97054,41,9,0,0,0,0,0,0,0,45,-123,0,0,0,0,16,0,0,1388,4555,0,18,0,61,0,0,1,3,68958,0,0,0,0,0,0,0,0,0,0,0,0,0,1,0,0,0,0,0,0,0,0,0,0,0,0,0,0,0,0,0,1,0,0,0,0,0,0,0,0,0,0,0,0,0,0,0,0,16,0,0,0,0,0,0,0,0,0,1,1,1,1,1,1,0,0,0,0,0,0,0,0,0,0,0,0,1,1,1,1,1,1,0,0,0,0,0,0,0,0,1,16
390,0,0,0,41009,97054,41,9,0,0,0,0,0,0,0,45,-123,0,0,0,0,10,0,0,1833,6014,1,8,0,38,0,0,2,4,88460,0,0,0,0,0,0,0,0,0,0,0,0,0,0,0,0,0,0,0,0,0,0,0,0,0,0,0,0,0,0,0,1,0,0,0,0,0,0,0,0,0,0,1,0,0,0,0,0,10,0,0,0,0,0,0,0,0,0,1,1,1,1,1,1,0,0,0,0,0,0,0,0,0,0,0,0,1,1,1,1,1,1,0,0,0,0,0,0,0,0,1,10
441,0,0,0,41009,97056,41,9,0,0,0,0,0,0,0,45,-122,0,0,0,0,13,0,0,117,384,0,178,0,49,0,1,3,31,67641,0,0,0,0,0,0,0,0,0,0,0,0,0,0,0,0,0,0,0,0,0,0,0,0,0,0,0,4,0,0,0,1,1200,1200,35,940,4,4,4,1,1,0,0,0,0,0,0,0,9,0,0,0,1,1,1,1,1,0,0,0,0,0,0,1,0,0,0,0,0,0,0,0,0,0,0,0,1,1,1,1,1,1,0,0,0,0,0,0,0,0,1,8
711,0,0,0,41009,97048,41,9,0,0,0,0,0,0,0,46,-122,0,0,0,0,20,0,0,1070,3513,0,30,0,77,0,0,1,16,51546,0,0,0,0,0,0,0,0,0,0,0,0,0,0,0,0,0,0,0,0,0,0,0,0,0,0,0,19,0,0,0,1,1200,1200,35,50,19,19,19,0,0,0,0,0,0,0,0,0,1,0,0,0,1,1,1,0,0,0,0,0,0,1,1,1,0,0,0,0,0,0,0,0,0,0,0,0,1,1,1,1,1,1,0,0,0,0,0,0,0,0,1,1
734,0,0,0,41009,97048,41,9,0,0,0,0,0,0,0,46,-122,0,0,0,0,6,0,0,4130,13551,2,2,0,23,0,0,1,13,75833,0,0,0,0,0,0,0,0,0,0,0,0,0,0,0,0,0,0,0,0,0,0,0,0,0,0,0,0,0,0,0,1,0,0,0,0,0,0,0,0,0,0,2,0,0,0,0,0,6,0,0,0,0,0,0,0,0,0,1,1,1,1,1,1,0,0,0,0,0,0,0,0,0,0,0,0,1,1,1,1,1,1,0,0,0,0,0,0,0,0,1,6
735,0,0,0,41009,97048,41,9,0,0,0,0,0,0,0,46,-122,0,0,0,0,2,0,0,1300,4268,0,2,0,7,0,0,1,13,75833,0,0,0,0,0,0,0,0,0,0,0,0,0,0,0,0,0,0,0,0,0,0,0,0,0,0,0,0,0,0,0,1,0,0,0,0,0,0,0,0,0,0,0,0,0,0,0,0,2,0,0,0,0,0,0,0,0,0,1,1,1,1,1,1,0,0,0,0,0,0,0,0,0,0,0,0,1,1,1,1,1,1,0,0,0,0,0,0,0,0,1,2
736,0,0,0,41009,97048,41,9,0,0,0,0,0,0,0,46,-122,0,0,0,0,7,0,0,1606,5271,0,7,0,27,0,0,2,12,75437,0,0,0,0,0,0,0,0,0,0,0,0,0,0,0,0,0,0,0,0,0,0,0,0,0,0,0,0,0,0,0,1,0,0,0,0,0,0,0,0,0,0,0,0,0,0,0,0,7,0,0,0,0,0,0,0,0,0,1,1,1,1,1,1,0,0,0,0,0,0,0,0,0,0,0,0,1,1,1,1,1,1,0,0,0,0,0,0,0,0,1,7
737,0,0,0,41009,97048,41,9,0,0,0,0,0,0,0,46,-122,0,0,0,0,8,0,0,3304,10840,2,3,0,30,0,0,2,11,75299,0,0,0,0,0,0,0,0,0,0,0,0,0,0,0,0,0,0,0,0,0,0,0,0,0,0,0,0,0,0,0,1,0,0,0,0,0,0,0,0,0,0,2,0,0,0,0,0,8,0,0,0,0,0,0,0,0,0,1,1,1,1,1,1,0,0,0,0,0,0,0,0,0,0,0,0,1,1,1,1,1,1,0,0,0,0,0,0,0,0,1,8
738,0,0,0,41009,97048,41,9,0,0,0,0,0,0,0,46,-122,0,0,0,0,7,0,0,1548,5078,0,7,0,27,0,0,1,13,75833,0,0,0,0,0,0,0,0,0,0,0,0,0,0,0,0,0,0,0,0,0,0,0,0,0,0,0,1,0,0,0,1,1500,1500,1500,1500,1,1,1,1,1,1,0,0,0,0,0,0,6,0,0,0,1,1,1,1,1,1,0,0,0,0,0,0,0,0,0,0,0,0,0,0,0,0,0,0,1,1,1,1,1,1,0,0,0,0,0,0,0,0,1,5
739,0,0,0,41009,97048,41,9,0,0,0,0,0,0,0,46,-122,0,0,0,0,2,0,0,1987,6521,1,1,0,7,0,0,1,13,75833,0,0,0,0,0,0,0,0,0,0,0,0,0,0,0,0,0,0,0,0,0,0,0,0,0,0,0,0,0,0,0,1,0,0,0,0,0,0,0,0,0,0,1,0,0,0,0,0,2,0,0,0,0,0,0,0,0,0,1,1,1,1,1,1,0,0,0,0,0,0,0,0,0,0,0,0,1,1,1,1,1,1,0,0,0,0,0,0,0,0,1,2
740,0,0,0,41009,97048,41,9,0,0,0,0,0,0,0,46,-122,0,0,0,0,10,0,0,1662,5453,1,9,0,38,0,0,2,9,74458,0,0,0,0,0,0,0,0,0,0,0,0,0,0,0,0,0,0,0,0,0,0,0,0,0,0,0,3,0,0,0,1,1500,1500,1500,1500,3,3,3,3,3,3,1,0,0,0,0,0,7,0,0,0,1,1,1,1,1,1,0,0,0,0,0,0,0,0,0,0,0,0,0,0,0,0,0,0,1,1,1,1,1,1,0,0,0,0,0,0,0,0,1,7
741,0,0,0,41009,97048,41,9,0,0,0,0,0,0,0,46,-122,0,0,0,0,13,0,0,1772,5815,1,11,0,50,0,0,2,7,72937,0,0,0,0,0,0,0,0,0,0,0,0,0,0,0,0,0,0,0,0,0,0,0,0,0,0,0,0,0,0,0,1,0,0,0,0,0,0,0,0,0,0,1,0,0,0,0,0,13,0,0,0,0,0,0,0,0,0,1,1,1,1,1,1,0,0,0,0,0,0,0,0,0,0,0,0,1,1,1,1,1,1,0,0,0,0,0,0,0,0,1,13
742,0,0,0,41009,97048,41,9,0,0,0,0,0,0,0,46,-122,0,0,0,0,4,0,0,819,2687,0,7,0,15,0,0,2,13,75833,0,0,0,0,0,0,0,0,0,0,0,0,0,0,0,0,0,0,0,0,0,0,0,0,0,0,0,1,0,0,0,1,1500,1500,1500,1500,1,1,1,1,1,1,0,0,0,0,0,0,3,0,0,0,1,1,1,1,1,1,0,0,0,0,0,0,0,0,0,0,0,0,0,0,0,0,0,0,1,1,1,1,1,1,0,0,0,0,0,0,0,0,1,3
743,0,0,0,41009,97048,41,9,0,0,0,0,0,0,0,46,-122,0,0,0,0,22,0,0,3173,10413,1,11,0,85,0,0,2,14,72221,0,0,0,0,0,0,0,0,0,0,0,0,0,0,0,0,0,0,0,0,0,0,0,0,0,0,0,13,0,0,0,1,1500,1500,1500,1500,13,13,13,13,13,13,1,0,0,0,0,0,9,0,0,0,1,1,1,1,1,1,0,0,0,0,0,0,0,0,0,0,0,0,0,0,0,0,0,0,1,1,1,1,1,1,0,0,0,0,0,0,0,0,1,8
744,0,0,0,41009,97048,41,9,0,0,0,0,0,0,0,46,-122,0,0,0,0,6,0,0,2614,8579,1,3,0,23,0,0,2,28,51896,0,0,0,0,0,0,0,0,0,0,0,0,0,0,0,0,0,0,0,0,0,0,0,0,0,0,0,0,0,0,0,1,0,0,0,0,0,0,0,0,0,0,1,0,0,0,0,0,6,0,0,0,0,0,0,0,0,0,1,1,1,1,1,1,0,0,0,0,0,0,0,0,0,0,0,0,1,1,1,1,1,1,0,0,0,0,0,0,0,0,1,6
745,0,0,0,41009,97048,41,9,0,0,0,0,0,0,0,46,-122,0,0,0,0,1,0,0,1752,5748,1,0,0,3,0,0,1,13,75833,0,0,0,0,0,0,0,0,0,0,0,0,0,0,0,0,0,0,0,0,0,0,0,0,0,0,0,0,0,0,0,1,0,0,0,0,0,0,0,0,0,0,1,0,0,0,0,0,1,0,0,0,0,0,0,0,0,0,1,1,1,1,1,1,0,0,0,0,0,0,0,0,0,0,0,0,1,1,1,1,1,1,0,0,0,0,0,0,0,0,1,1
746,0,0,0,41009,97048,41,9,0,0,0,0,0,0,0,46,-122,0,0,0,0,22,0,0,1125,3692,0,31,0,85,0,0,1,11,75833,0,0,0,0,0,0,0,0,0,0,0,0,0,0,0,0,0,0,0,0,0,0,0,0,0,0,0,15,0,0,0,1,1500,1500,1500,1500,15,15,15,15,15,15,0,0,0,0,0,0,7,0,0,0,1,1,1,1,1,1,0,0,0,0,0,0,0,0,0,0,0,0,0,0,0,0,0,0,1,1,1,1,1,1,0,0,0,0,0,0,0,0,1,6
747,0,0,0,41009,97048,41,9,0,0,0,0,0,0,0,46,-122,0,0,0,0,9,0,0,2565,8416,1,5,0,34,0,0,2,4,81980,0,0,0,0,0,0,0,0,0,0,0,0,0,0,0,0,0,0,0,0,0,0,0,0,0,0,0,0,0,0,0,1,0,0,0,0,0,0,0,0,0,0,1,0,0,0,0,0,9,0,0,0,0,0,0,0,0,0,1,1,1,1,1,1,0,0,0,0,0,0,0,0,0,0,0,0,1,1,1,1,1,1,0,0,0,0,0,0,0,0,1,9
748,0,0,0,41009,97048,41,9,0,0,0,0,0,0,0,46,-122,0,0,0,0,3,0,0,1488,4883,0,3,0,11,0,0,1,3,68958,0,0,0,0,0,0,0,0,0,0,0,0,0,0,0,0,0,0,0,0,0,0,0,0,0,0,0,1,0,0,0,1,1500,1500,1500,1500,1,1,1,1,1,1,0,0,0,0,0,0,2,0,0,0,1,1,1,1,1,1,0,0,0,0,0,0,0,0,0,0,0,0,0,0,0,0,0,0,1,1,1,1,1,1,0,0,0,0,0,0,0,0,1,2
749,0,0,0,41009,97048,41,9,0,0,0,0,0,0,0,46,-122,0,0,0,0,27,0,0,3234,10611,2,13,0,104,0,0,2,4,84046,0,0,0,0,0,0,0,0,0,0,0,0,0,0,0,0,0,0,0,0,0,0,0,0,0,0,0,0,0,0,0,1,0,0,0,0,0,0,0,0,0,0,2,0,0,0,0,0,27,0,0,0,0,0,0,0,0,0,1,1,1,1,1,1,0,0,0,0,0,0,0,0,0,0,0,0,1,1,1,1,1,1,0,0,0,0,0,0,0,0,1,27
750,0,0,0,41009,97048,41,9,0,0,0,0,0,0,0,46,-122,0,0,0,0,10,0,0,1084,3556,0,14,0,38,0,0,1,3,68958,0,0,0,0,0,0,0,0,0,0,0,0,0,0,0,0,0,0,0,0,0,0,0,0,0,0,0,0,0,0,0,1,0,0,0,0,0,0,0,0,0,0,0,0,0,0,0,0,10,0,0,0,0,0,0,0,0,0,1,1,1,1,1,1,0,0,0,0,0,0,0,0,0,0,0,0,1,1,1,1,1,1,0,0,0,0,0,0,0,0,1,10
751,0,0,0,41009,97048,41,9,0,0,0,0,0,0,0,46,-122,0,0,0,0,2,0,0,1579,5182,0,2,0,7,0,0,1,4,89519,0,0,0,0,0,0,0,0,0,0,0,0,0,0,0,0,0,0,0,0,0,0,0,0,0,0,0,0,0,0,0,1,0,0,0,0,0,0,0,0,0,0,0,0,0,0,0,0,2,0,0,0,0,0,0,0,0,0,1,1,1,1,1,1,0,0,0,0,0,0,0,0,0,0,0,0,1,1,1,1,1,1,0,0,0,0,0,0,0,0,1,2
752,0,0,0,41009,97048,41,9,0,0,0,0,0,0,0,46,-122,0,0,0,0,3,0,0,1394,4576,0,3,0,11,0,0,2,4,71433,0,0,0,0,0,0,0,0,0,0,0,0,0,0,0,0,0,0,0,0,0,0,0,0,0,0,0,0,0,0,0,1,0,0,0,0,0,0,0,0,0,0,0,0,0,0,0,0,3,0,0,0,0,0,0,0,0,0,1,1,1,1,1,1,0,0,0,0,0,0,0,0,0,0,0,0,1,1,1,1,1,1,0,0,0,0,0,0,0,0,1,3
753,0,0,0,41009,97048,41,9,0,0,0,0,0,0,0,46,-122,0,0,0,0,10,0,0,2880,9452,1,5,0,38,0,0,1,4,89519,0,0,0,0,0,0,0,0,0,0,0,0,0,0,0,0,0,0,0,0,0,0,0,0,0,0,0,0,0,0,0,1,0,0,0,0,0,0,0,0,0,0,1,0,0,0,0,0,10,0,0,0,0,0,0,0,0,0,1,1,1,1,1,1,0,0,0,0,0,0,0,0,0,0,0,0,1,1,1,1,1,1,0,0,0,0,0,0,0,0,1,10
754,0,0,0,41009,97048,41,9,0,0,0,0,0,0,0,46,-122,0,0,0,0,9,0,0,1557,5108,0,9,0,34,0,0,1,3,68958,0,0,0,0,0,0,0,0,0,0,0,0,0,0,0,0,0,0,0,0,0,0,0,0,0,0,0,0,0,0,0,1,0,0,0,0,0,0,0,0,0,0,0,0,0,0,0,0,9,0,0,0,0,0,0,0,0,0,1,1,1,1,1,1,0,0,0,0,0,0,0,0,0,0,0,0,1,1,1,1,1,1,0,0,0,0,0,0,0,0,1,9
755,0,0,0,41009,97048,41,9,0,0,0,0,0,0,0,46,-122,0,0,0,0,8,0,0,1545,5070,0,8,0,30,0,0,1,3,68958,0,0,0,0,0,0,0,0,0,0,0,0,0,0,0,0,0,0,0,0,0,0,0,0,0,0,0,0,0,0,0,1,0,0,0,0,0,0,0,0,0,0,0,0,0,0,0,0,8,0,0,0,0,0,0,0,0,0,1,1,1,1,1,1,0,0,0,0,0,0,0,0,0,0,0,0,1,1,1,1,1,1,0,0,0,0,0,0,0,0,1,8
756,0,0,0,41009,97048,41,9,0,0,0,0,0,0,0,46,-122,0,0,0,0,9,0,0,1178,3867,0,12,0,34,0,0,2,4,70607,0,0,0,0,0,0,0,0,0,0,0,0,0,0,0,0,0,0,0,0,0,0,0,0,0,0,0,2,0,0,0,1,1500,1500,1500,1500,2,2,2,2,2,2,0,0,0,0,0,0,7,0,0,0,1,1,1,1,1,1,0,0,0,0,0,0,0,0,0,0,0,0,0,0,0,0,0,0,1,1,1,1,1,1,0,0,0,0,0,0,0,0,1,7
757,0,0,0,41009,97048,41,9,0,0,0,0,0,0,0,46,-122,0,0,0,0,15,0,0,1523,4997,0,15,0,58,0,0,1,3,68958,0,0,0,0,0,0,0,0,0,0,0,0,0,0,0,0,0,0,0,0,0,0,0,0,0,0,0,0,0,0,0,1,0,0,0,0,0,0,0,0,0,0,0,0,0,0,0,0,15,0,0,0,0,0,0,0,0,0,1,1,1,1,1,1,0,0,0,0,0,0,0,0,0,0,0,0,1,1,1,1,1,1,0,0,0,0,0,0,0,0,1,15
758,0,0,0,41009,97048,41,9,0,0,0,0,0,0,0,46,-122,0,0,0,0,9,0,0,112,368,0,129,0,34,0,0,1,3,68958,0,0,0,0,0,0,0,0,0,0,0,0,0,1,0,0,0,0,0,0,0,0,0,0,0,0,0,0,0,0,0,1,0,0,0,0,0,0,0,0,0,0,0,0,0,0,0,0,9,0,0,0,0,0,0,0,0,0,1,1,1,1,1,1,0,0,0,0,0,0,0,0,0,0,0,0,1,1,1,1,1,1,0,0,0,0,0,0,0,0,1,9
759,0,0,0,41009,97048,41,9,0,0,0,0,0,0,0,46,-122,0,0,0,0,13,0,0,2366,7765,1,8,0,50,0,0,3,5,80216,0,0,0,0,0,0,0,0,0,0,0,0,0,0,0,0,0,0,0,0,0,0,0,0,0,0,0,0,0,0,0,1,0,0,0,0,0,0,0,0,0,0,1,0,0,0,0,0,13,0,0,0,0,0,0,0,0,0,1,1,1,1,1,1,0,0,0,0,0,0,0,0,0,0,0,0,1,1,1,1,1,1,0,0,0,0,0,0,0,0,1,13
760,0,0,0,41009,97048,41,9,0,0,0,0,0,0,0,46,-122,0,0,0,0,24,0,0,1816,5958,1,21,0,92,0,0,1,13,75833,0,0,0,0,0,0,0,0,0,0,0,0,0,0,0,0,0,0,0,0,0,0,0,0,0,0,0,0,0,0,0,1,0,0,0,0,0,0,0,0,0,0,1,0,0,0,0,0,24,0,0,0,0,0,0,0,0,0,1,1,1,1,1,1,0,0,0,0,0,0,0,0,0,0,0,0,1,1,1,1,1,1,0,0,0,0,0,0,0,0,1,24
761,0,0,0,41009,97048,41,9,0,0,0,0,0,0,0,46,-122,0,0,0,0,1,0,0,564,1852,0,2,0,3,0,0,1,13,75833,0,0,0,0,0,0,0,0,0,0,0,0,0,0,0,0,0,0,0,0,0,0,0,0,0,0,0,1,0,0,0,1,1200,1200,35,35,1,1,1,0,0,0,0,0,0,1,1,1,0,0,0,0,1,1,1,0,0,0,0,0,0,1,1,1,0,0,0,0,0,0,1,1,1,0,0,0,0,0,0,1,1,1,0,0,0,0,0,0,0,0,1,0
762,0,0,0,41009,97048,41,9,0,0,0,0,0,0,0,46,-122,0,0,0,0,5,0,0,815,2674,0,9,0,19,0,0,1,13,75833,0,0,0,0,0,0,0,0,0,0,0,0,0,0,0,0,0,0,0,0,0,0,0,0,0,0,0,3,0,0,0,1,1200,1200,35,35,3,3,3,0,0,0,0,0,0,0,0,0,2,0,0,0,1,1,1,0,0,0,0,0,0,1,1,1,0,0,0,0,0,0,0,0,0,0,0,0,1,1,1,1,1,1,0,0,0,0,0,0,0,0,1,2
763,0,0,0,41009,97048,41,9,0,0,0,0,0,0,0,46,-122,0,0,0,0,5,0,0,358,1176,0,22,0,19,0,0,1,13,75833,0,0,0,0,0,0,0,0,0,0,0,0,0,0,0,0,0,0,0,0,0,0,0,0,0,0,0,0,0,0,0,1,0,0,0,0,0,0,0,0,0,0,0,0,0,0,0,0,5,0,0,0,0,0,0,0,0,0,1,1,1,1,1,1,0,0,0,0,0,0,0,0,0,0,0,0,1,1,1,1,1,1,0,0,0,0,0,0,0,0,1,5
764,0,0,0,41009,97048,41,9,0,0,0,0,0,0,0,46,-122,0,0,0,0,5,0,0,554,1820,0,14,0,19,0,0,2,13,75821,0,0,0,0,0,0,0,0,0,0,0,0,0,0,0,0,0,0,0,0,0,0,0,0,0,0,0,0,0,0,0,1,0,0,0,0,0,0,0,0,0,0,0,0,0,0,0,0,5,0,0,0,0,0,0,0,0,0,1,1,1,1,1,1,0,0,0,0,0,0,0,0,0,0,0,0,1,1,1,1,1,1,0,0,0,0,0,0,0,0,1,5
765,0,0,0,41009,97048,41,9,0,0,0,0,0,0,0,46,-122,0,0,0,0,16,0,0,176,580,0,145,0,62,0,1,1,7,66250,0,0,0,0,0,0,0,0,0,0,0,0,0,0,0,0,0,0,0,0,0,0,0,0,0,0,0,15,0,0,0,1,1200,1200,35,35,15,15,15,0,0,0,0,0,0,0,0,0,1,0,0,0,1,1,1,0,0,0,0,0,0,1,1,1,0,0,0,0,0,0,0,0,0,0,0,0,1,1,1,1,1,1,0,0,0,0,0,0,0,0,1,1
766,0,0,0,41009,97048,41,9,0,0,0,0,0,0,0,46,-122,0,0,0,0,12,0,0,1412,4635,0,13,0,46,0,0,1,7,66250,0,0,0,0,0,0,0,0,0,0,0,0,0,0,0,0,0,0,0,0,0,0,0,0,0,0,0,9,0,0,0,1,1200,1200,35,35,9,9,9,0,0,0,0,0,0,0,0,0,3,0,0,0,1,1,1,0,0,0,0,0,0,1,1,1,0,0,0,0,0,0,0,0,0,0,0,0,1,1,1,1,1,1,0,0,0,0,0,0,0,0,1,3
767,0,0,0,41009,97048,41,9,0,0,0,0,0,0,0,46,-122,0,0,0,0,43,0,0,2213,7261,1,31,0,166,0,1,2,9,69094,0,0,0,0,0,0,0,0,0,0,0,0,0,0,0,0,0,0,0,0,0,0,0,0,0,0,0,40,0,0,0,1,1200,1200,35,35,40,40,40,0,0,0,1,0,0,0,0,0,3,0,0,0,1,1,1,0,0,0,0,0,0,1,1,1,0,0,0,0,0,0,0,0,0,0,0,0,1,1,1,1,1,1,0,0,0,0,0,0,0,0,1,3
768,0,0,0,41009,97048,41,9,0,0,0,0,0,0,0,46,-122,0,0,0,0,96,0,0,2093,6867,1,73,0,372,0,1,2,12,78348,0,0,0,0,0,0,0,0,0,0,0,0,0,0,0,0,0,0,0,0,0,0,0,0,0,0,0,96,0,0,0,1,1200,1200,35,35,96,96,96,0,0,0,1,0,0,1,1,1,0,0,0,0,1,1,1,0,0,0,0,0,0,1,1,1,0,0,0,0,0,0,1,1,1,0,0,0,0,0,0,1,1,1,0,0,0,0,0,0,0,0,1,0
769,0,0,0,41009,97048,41,9,0,0,0,0,0,0,0,46,-122,0,0,0,0,4,0,0,283,930,0,22,0,15,0,0,1,7,66250,0,0,0,0,0,0,0,0,0,0,0,0,0,0,0,0,0,0,0,0,0,0,0,0,0,0,0,0,0,0,0,1,0,0,0,0,0,0,0,0,0,0,0,0,0,0,0,0,4,0,0,0,0,0,0,0,0,0,1,1,1,1,1,1,0,0,0,0,0,0,0,0,0,0,0,0,1,1,1,1,1,1,0,0,0,0,0,0,0,0,1,4
770,0,0,0,41009,97048,41,9,0,0,0,0,0,0,0,46,-122,0,0,0,0,9,0,0,1551,5091,0,9,0,34,0,0,1,7,66250,0,0,0,0,0,0,0,0,0,0,0,0,0,0,0,0,0,0,0,0,0,0,0,0,0,0,0,0,0,0,0,1,0,0,0,0,0,0,0,0,0,0,0,0,0,0,0,0,9,0,0,0,0,0,0,0,0,0,1,1,1,1,1,1,0,0,0,0,0,0,0,0,0,0,0,0,1,1,1,1,1,1,0,0,0,0,0,0,0,0,1,9
771,0,0,0,41009,97048,41,9,0,0,0,0,0,0,0,46,-122,0,0,0,0,32,0,0,2417,7930,1,21,0,123,0,0,3,9,69289,0,0,0,0,0,0,0,0,0,0,0,0,0,0,0,0,0,0,0,0,0,0,0,0,0,0,0,10,0,0,0,1,1200,1200,35,35,10,10,10,0,0,0,1,0,0,0,0,0,22,0,0,0,1,1,1,0,0,0,0,0,0,1,1,1,0,0,0,0,0,0,0,0,0,0,0,0,1,1,1,1,1,1,0,0,0,0,0,0,0,0,1,22
772,0,0,0,41009,97048,41,9,0,0,0,0,0,0,0,46,-122,0,0,0,0,128,0,0,4798,15742,2,42,0,495,0,1,2,22,57204,0,0,0,0,0,0,0,0,0,0,0,0,0,0,0,0,0,0,0,0,0,0,0,0,0,0,0,124,0,0,0,1,1200,1500,35,1500,124,124,124,32,32,32,2,0,0,0,0,0,4,0,0,0,1,1,1,1,1,1,0,0,0,0,0,0,0,0,0,0,0,0,0,0,0,0,0,0,1,1,1,1,1,1,0,0,0,0,0,0,0,0,1,4
773,0,0,0,41009,97048,41,9,0,0,0,0,0,0,0,46,-122,0,0,0,0,17,0,0,1870,6135,1,14,0,65,0,1,1,28,51546,0,0,0,0,0,0,0,0,0,0,0,0,0,0,0,0,0,0,0,0,0,0,0,0,0,0,0,12,0,0,0,1,1200,1200,35,35,12,12,12,0,0,0,1,0,0,0,0,0,5,0,0,0,1,1,1,0,0,0,0,0,0,1,1,1,0,0,0,0,0,0,0,0,0,0,0,0,1,1,1,1,1,1,0,0,0,0,0,0,0,0,1,4
774,0,0,0,41009,97048,41,9,0,0,0,0,0,0,0,46,-122,0,0,0,0,1,0,0,913,2996,0,1,0,3,0,1,1,23,51546,0,0,0,0,0,0,0,0,0,0,0,0,0,0,0,0,0,0,0,0,0,0,0,0,0,0,0,1,0,0,0,1,1200,1200,35,35,1,1,1,0,0,0,0,0,0,1,1,1,0,0,0,0,1,1,1,0,0,0,0,0,0,1,1,1,0,0,0,0,0,0,1,1,1,0,0,0,0,0,0,1,1,1,0,0,0,0,0,0,0,0,1,0
775,0,0,0,41009,97048,41,9,0,0,0,0,0,0,0,46,-122,0,0,0,0,13,0,0,1073,3522,0,19,0,50,0,0,2,20,59927,0,0,0,0,0,0,0,0,0,0,0,0,0,0,0,0,0,0,0,0,0,0,0,0,0,0,0,0,0,0,0,1,0,0,0,0,0,0,0,0,0,0,0,0,0,0,0,0,13,0,0,0,0,0,0,0,0,0,1,1,1,1,1,1,0,0,0,0,0,0,0,0,0,0,0,0,1,1,1,1,1,1,0,0,0,0,0,0,0,0,1,13
776,0,0,0,41009,97048,41,9,0,0,0,0,0,0,0,46,-122,0,0,0,0,7,0,0,625,2051,0,18,0,27,0,0,2,15,69658,0,0,0,0,0,0,0,0,0,0,0,0,0,0,0,0,0,0,0,0,0,0,0,0,0,0,0,0,0,0,0,1,0,0,0,0,0,0,0,0,0,0,0,0,0,0,0,0,7,0,0,0,0,0,0,0,0,0,1,1,1,1,1,1,0,0,0,0,0,0,0,0,0,0,0,0,1,1,1,1,1,1,0,0,0,0,0,0,0,0,1,7
777,0,0,0,41009,97048,41,9,0,0,0,0,0,0,0,46,-122,0,0,0,0,6,0,0,618,2029,0,15,0,23,0,0,1,29,51546,0,0,0,0,0,0,0,0,0,0,0,0,0,0,0,0,0,0,0,0,0,0,0,0,0,0,0,6,0,0,0,1,1200,1200,35,35,6,6,6,0,0,0,0,0,0,1,1,1,0,0,0,0,1,1,1,0,0,0,0,0,0,1,1,1,0,0,0,0,0,0,1,1,1,0,0,0,0,0,0,1,1,1,0,0,0,0,0,0,0,0,1,0
778,0,0,0,41009,97048,41,9,0,0,0,0,0,0,0,46,-122,0,0,0,0,83,0,0,3189,10466,1,41,0,321,0,1,2,50,88733,0,0,0,0,0,0,0,0,0,0,0,0,0,0,0,0,0,0,0,0,0,0,0,0,0,0,0,83,0,0,0,1,1200,1500,35,1500,83,83,83,15,15,15,1,0,0,1,1,1,0,0,0,0,1,1,1,1,1,1,0,0,0,0,0,0,0,0,0,0,0,0,1,1,1,0,0,0,0,0,0,1,1,1,0,0,0,0,0,0,0,0,1,0
779,0,0,0,41009,97048,41,9,0,0,0,0,0,0,0,46,-122,0,0,0,0,146,0,0,7403,24291,4,31,0,565,0,1,2,24,86064,0,0,0,0,0,0,0,0,0,0,0,0,0,0,0,0,0,0,0,0,0,0,0,0,0,0,0,151,0,0,0,1,1200,1500,35,1500,151,151,151,1,1,1,4,0,0,1,1,1,0,0,0,0,1,1,1,1,1,1,0,0,0,0,0,0,0,0,0,0,0,0,1,1,1,0,0,0,0,0,0,1,1,1,0,0,0,0,0,0,0,0,1,0
780,0,0,0,41009,97048,41,9,0,0,0,0,0,0,0,46,-122,0,0,0,0,229,0,0,9081,29796,5,40,0,887,0,1,4,36,80437,0,0,0,0,0,0,0,0,0,0,0,0,0,0,0,0,0,0,0,0,0,0,0,0,0,0,0,238,0,0,0,1,1200,1500,35,1500,238,238,238,58,58,58,5,0,0,1,1,1,0,0,0,0,1,1,1,1,1,1,0,0,0,0,0,0,0,0,0,0,0,0,1,1,1,0,0,0,0,0,0,1,1,1,0,0,0,0,0,0,0,0,1,0
781,0,0,0,41009,97048,41,9,0,0,0,0,0,0,0,46,-122,0,0,0,0,164,0,0,5974,19601,3,44,0,635,0,1,2,16,83302,0,0,0,0,0,0,0,0,0,0,0,0,0,0,0,0,0,0,0,0,0,0,0,0,0,0,0,159,0,0,0,1,1200,1500,35,1500,159,159,159,49,49,49,3,0,0,0,0,0,5,0,0,0,1,1,1,1,1,1,0,0,0,0,0,0,0,0,0,0,0,0,0,0,0,0,0,0,1,1,1,1,1,1,0,0,0,0,0,0,0,0,1,5
782,0,0,0,41009,97048,41,9,0,0,0,0,0,0,0,46,-122,0,0,0,0,11,0,0,810,2660,0,21,0,42,0,0,2,14,76828,0,0,0,0,0,0,0,0,0,0,0,0,0,0,0,0,0,0,0,0,0,0,0,0,0,0,0,11,0,0,0,1,1200,1200,35,35,11,11,11,0,0,0,0,0,0,1,1,1,0,0,0,0,1,1,1,0,0,0,0,0,0,1,1,1,0,0,0,0,0,0,1,1,1,0,0,0,0,0,0,1,1,1,0,0,0,0,0,0,0,0,1,0
783,0,0,0,41009,97048,41,9,0,0,0,0,0,0,0,46,-122,0,0,0,0,22,0,0,3103,10183,1,11,0,85,0,1,4,28,86617,0,0,0,0,0,0,0,0,0,0,0,0,0,0,0,0,0,0,0,0,0,0,0,0,0,0,0,15,0,0,0,1,1200,1200,35,35,15,15,15,0,0,0,1,0,0,0,0,0,7,0,0,0,1,1,1,0,0,0,0,0,0,1,1,1,0,0,0,0,0,0,0,0,0,0,0,0,1,1,1,1,1,1,0,0,0,0,0,0,0,0,1,6
784,0,0,0,41009,97048,41,9,0,0,0,0,0,0,0,46,-122,0,0,0,0,70,0,0,2417,7930,1,46,0,271,0,1,2,26,86471,0,0,0,0,0,0,0,0,0,0,0,0,0,0,0,0,0,0,0,0,0,0,0,0,0,0,0,65,0,0,0,1,1200,1200,35,35,65,65,65,0,0,0,1,0,0,0,0,0,5,0,0,0,1,1,1,0,0,0,0,0,0,1,1,1,0,0,0,0,0,0,0,0,0,0,0,0,1,1,1,1,1,1,0,0,0,0,0,0,0,0,1,4
785,0,0,0,41009,97048,41,9,0,0,0,0,0,0,0,46,-122,0,0,0,0,15,0,0,1062,3487,0,22,0,58,0,0,2,10,74866,0,0,0,0,0,0,0,0,0,0,0,0,0,0,0,0,0,0,0,0,0,0,0,0,0,0,0,0,0,0,0,1,0,0,0,0,0,0,0,0,0,0,0,0,0,0,0,0,15,0,0,0,0,0,0,0,0,0,1,1,1,1,1,1,0,0,0,0,0,0,0,0,0,0,0,0,1,1,1,1,1,1,0,0,0,0,0,0,0,0,1,15
786,0,0,0,41009,97048,41,9,0,0,0,0,0,0,0,46,-122,0,0,0,0,8,0,0,971,3188,0,13,0,30,0,0,2,6,71912,0,0,0,0,0,0,0,0,0,0,0,0,0,0,0,0,0,0,0,0,0,0,0,0,0,0,0,0,0,0,0,1,0,0,0,0,0,0,0,0,0,0,0,0,0,0,0,0,8,0,0,0,0,0,0,0,0,0,1,1,1,1,1,1,0,0,0,0,0,0,0,0,0,0,0,0,1,1,1,1,1,1,0,0,0,0,0,0,0,0,1,8
787,0,0,0,41009,97048,41,9,0,0,0,0,0,0,0,46,-122,0,0,0,0,9,0,0,636,2089,0,22,0,34,0,0,2,4,70617,0,0,0,0,0,0,0,0,0,0,0,0,0,0,0,0,0,0,0,0,0,0,0,0,0,0,0,0,0,0,0,1,0,0,0,0,0,0,0,0,0,0,0,0,0,0,0,0,9,0,0,0,0,0,0,0,0,0,1,1,1,1,1,1,0,0,0,0,0,0,0,0,0,0,0,0,1,1,1,1,1,1,0,0,0,0,0,0,0,0,1,9
788,0,0,0,41009,97048,41,9,0,0,0,0,0,0,0,46,-122,0,0,0,0,3,0,0,1093,3588,0,4,0,11,0,0,1,3,68958,0,0,0,0,0,0,0,0,0,0,0,0,0,0,0,0,0,0,0,0,0,0,0,0,0,0,0,0,0,0,0,1,0,0,0,0,0,0,0,0,0,0,0,0,0,0,0,0,3,0,0,0,0,0,0,0,0,0,1,1,1,1,1,1,0,0,0,0,0,0,0,0,0,0,0,0,1,1,1,1,1,1,0,0,0,0,0,0,0,0,1,3
789,0,0,0,41009,97048,41,9,0,0,0,0,0,0,0,46,-122,0,0,0,0,4,0,0,177,583,0,36,0,15,0,0,2,13,75822,0,0,0,0,0,0,0,0,0,0,0,0,0,0,0,0,0,0,0,0,0,0,0,0,0,0,0,0,0,0,0,1,0,0,0,0,0,0,0,0,0,0,0,0,0,0,0,0,4,0,0,0,0,0,0,0,0,0,1,1,1,1,1,1,0,0,0,0,0,0,0,0,0,0,0,0,1,1,1,1,1,1,0,0,0,0,0,0,0,0,1,4
790,0,0,0,41009,97048,41,9,0,0,0,0,0,0,0,46,-122,0,0,0,0,3,0,0,1058,3474,0,4,0,11,0,0,1,3,68958,0,0,0,0,0,0,0,0,0,0,0,0,0,0,0,0,0,0,0,0,0,0,0,0,0,0,0,0,0,0,0,1,0,0,0,0,0,0,0,0,0,0,0,0,0,0,0,0,3,0,0,0,0,0,0,0,0,0,1,1,1,1,1,1,0,0,0,0,0,0,0,0,0,0,0,0,1,1,1,1,1,1,0,0,0,0,0,0,0,0,1,3
791,0,0,0,41009,97048,41,9,0,0,0,0,0,0,0,46,-122,0,0,0,0,6,0,0,855,2806,0,11,0,23,0,0,2,7,66409,0,0,0,0,0,0,0,0,0,0,0,0,0,0,0,0,0,0,0,0,0,0,0,0,0,0,0,0,0,0,0,1,0,0,0,0,0,0,0,0,0,0,0,0,0,0,0,0,6,0,0,0,0,0,0,0,0,0,1,1,1,1,1,1,0,0,0,0,0,0,0,0,0,0,0,0,1,1,1,1,1,1,0,0,0,0,0,0,0,0,1,6
792,0,0,0,41009,97048,41,9,0,0,0,0,0,0,0,46,-122,0,0,0,0,25,0,0,2147,7044,1,18,0,96,0,0,2,7,73114,0,0,0,0,0,0,0,0,0,0,0,0,0,0,0,0,0,0,0,0,0,0,0,0,0,0,0,0,0,0,0,1,0,0,0,0,0,0,0,0,0,0,1,0,0,0,0,0,25,0,0,0,0,0,0,0,0,0,1,1,1,1,1,1,0,0,0,0,0,0,0,0,0,0,0,0,1,1,1,1,1,1,0,0,0,0,0,0,0,0,1,25
793,0,0,0,41009,97048,41,9,0,0,0,0,0,0,0,46,-122,0,0,0,0,11,0,0,1434,4707,0,12,0,42,0,0,3,5,67559,0,0,0,0,0,0,0,0,0,0,0,0,0,0,0,0,0,0,0,0,0,0,0,0,0,0,0,0,0,0,0,1,0,0,0,0,0,0,0,0,0,0,0,0,0,0,0,0,11,0,0,0,0,0,0,0,0,0,1,1,1,1,1,1,0,0,0,0,0,0,0,0,0,0,0,0,1,1,1,1,1,1,0,0,0,0,0,0,0,0,1,11
794,0,0,0,41009,97048,41,9,0,0,0,0,0,0,0,46,-122,0,0,0,0,2,0,0,1847,6061,1,1,0,7,0,0,2,4,67760,0,0,0,0,0,0,0,0,0,0,0,0,0,0,0,0,0,0,0,0,0,0,0,0,0,0,0,0,0,0,0,1,0,0,0,0,0,0,0,0,0,0,1,0,0,0,0,0,2,0,0,0,0,0,0,0,0,0,1,1,1,1,1,1,0,0,0,0,0,0,0,0,0,0,0,0,1,1,1,1,1,1,0,0,0,0,0,0,0,0,1,2
795,0,0,0,41009,97048,41,9,0,0,0,0,0,0,0,46,-122,0,0,0,0,2,0,0,789,2590,0,4,0,7,0,0,1,3,68958,0,0,0,0,0,0,0,0,0,0,0,0,0,0,0,0,0,0,0,0,0,0,0,0,0,0,0,0,0,0,0,1,0,0,0,0,0,0,0,0,0,0,0,0,0,0,0,0,2,0,0,0,0,0,0,0,0,0,1,1,1,1,1,1,0,0,0,0,0,0,0,0,0,0,0,0,1,1,1,1,1,1,0,0,0,0,0,0,0,0,1,2
796,0,0,0,41009,97048,41,9,0,0,0,0,0,0,0,46,-122,0,0,0,0,2,0,0,1448,4752,0,2,0,7,0,0,2,23,56174,0,0,0,0,0,0,0,0,0,0,0,0,0,0,0,0,0,0,0,0,0,0,0,0,0,0,0,0,0,0,0,1,0,0,0,0,0,0,0,0,0,0,0,0,0,0,0,0,2,0,0,0,0,0,0,0,0,0,1,1,1,1,1,1,0,0,0,0,0,0,0,0,0,0,0,0,1,1,1,1,1,1,0,0,0,0,0,0,0,0,1,2
797,0,0,0,41009,97048,41,9,0,0,0,0,0,0,0,46,-122,0,0,0,0,2,0,0,560,1838,0,5,0,7,0,0,2,14,74446,0,0,0,0,0,0,0,0,0,0,0,0,0,0,0,0,0,0,0,0,0,0,0,0,0,0,0,0,0,0,0,1,0,0,0,0,0,0,0,0,0,0,0,0,0,0,0,0,2,0,0,0,0,0,0,0,0,0,1,1,1,1,1,1,0,0,0,0,0,0,0,0,0,0,0,0,1,1,1,1,1,1,0,0,0,0,0,0,0,0,1,2
798,0,0,0,41009,97048,41,9,0,0,0,0,0,0,0,46,-122,0,0,0,0,4,0,0,762,2500,0,8,0,15,0,0,2,28,51844,0,0,0,0,0,0,0,0,0,0,0,0,0,0,0,0,0,0,0,0,0,0,0,0,0,0,0,0,0,0,0,1,0,0,0,0,0,0,0,0,0,0,0,0,0,0,0,0,4,0,0,0,0,0,0,0,0,0,1,1,1,1,1,1,0,0,0,0,0,0,0,0,0,0,0,0,1,1,1,1,1,1,0,0,0,0,0,0,0,0,1,4
799,0,0,0,41009,97048,41,9,0,0,0,0,0,0,0,46,-122,0,0,0,0,2,0,0,1475,4841,0,2,0,7,0,0,2,13,75392,0,0,0,0,0,0,0,0,0,0,0,0,0,0,0,0,0,0,0,0,0,0,0,0,0,0,0,0,0,0,0,1,0,0,0,0,0,0,0,0,0,0,0,0,0,0,0,0,2,0,0,0,0,0,0,0,0,0,1,1,1,1,1,1,0,0,0,0,0,0,0,0,0,0,0,0,1,1,1,1,1,1,0,0,0,0,0,0,0,0,1,2
800,0,0,0,41009,97048,41,9,0,0,0,0,0,0,0,46,-122,0,0,0,0,1,0,0,1402,4600,0,1,0,3,0,0,2,26,53236,0,0,0,0,0,0,0,0,0,0,0,0,0,0,0,0,0,0,0,0,0,0,0,0,0,0,0,0,0,0,0,1,0,0,0,0,0,0,0,0,0,0,0,0,0,0,0,0,1,0,0,0,0,0,0,0,0,0,1,1,1,1,1,1,0,0,0,0,0,0,0,0,0,0,0,0,1,1,1,1,1,1,0,0,0,0,0,0,0,0,1,1
801,0,0,0,41009,97048,41,9,0,0,0,0,0,0,0,46,-122,0,0,0,0,7,0,0,711,2334,0,15,0,27,0,1,1,17,51546,0,0,0,0,0,0,0,0,0,0,0,0,0,0,0,0,0,0,0,0,0,0,0,0,0,0,0,5,0,0,0,1,1200,1200,35,35,5,5,5,0,0,0,0,0,0,0,0,0,2,0,0,0,1,1,1,0,0,0,0,0,0,1,1,1,0,0,0,0,0,0,0,0,0,0,0,0,1,1,1,1,1,1,0,0,0,0,0,0,0,0,1,2
802,0,0,0,41009,97048,41,9,0,0,0,0,0,0,0,46,-122,0,0,0,0,39,0,0,2680,8795,1,23,0,151,0,1,1,25,51546,0,0,0,0,0,0,0,0,0,0,0,0,0,0,0,0,0,0,0,0,0,0,0,0,0,0,0,36,0,0,0,1,1200,1200,35,35,36,36,36,0,0,0,1,0,0,0,0,0,3,0,0,0,1,1,1,0,0,0,0,0,0,1,1,1,0,0,0,0,0,0,0,0,0,0,0,0,1,1,1,1,1,1,0,0,0,0,0,0,0,0,1,3
803,0,0,0,41009,97048,41,9,0,0,0,0,0,0,0,46,-122,0,0,0,0,43,0,0,3353,11001,2,20,0,166,0,1,2,28,51736,0,0,0,0,0,0,0,0,0,0,0,0,0,0,0,0,0,0,0,0,0,0,0,0,0,0,0,42,0,0,0,1,1200,1200,35,35,42,42,42,0,0,0,2,0,0,0,0,0,1,0,0,0,1,1,1,0,0,0,0,0,0,1,1,1,0,0,0,0,0,0,0,0,0,0,0,0,1,1,1,1,1,1,0,0,0,0,0,0,0,0,1,1
804,0,0,0,41009,97048,41,9,0,0,0,0,0,0,0,46,-122,0,0,0,0,8,0,0,2434,7988,1,5,0,30,0,0,1,29,51546,0,0,0,0,0,0,0,0,0,0,0,0,0,0,0,0,0,0,0,0,0,0,0,0,0,0,0,7,0,0,0,1,1200,1200,35,35,7,7,7,0,0,0,1,0,0,0,0,0,1,0,0,0,1,1,1,0,0,0,0,0,0,1,1,1,0,0,0,0,0,0,0,0,0,0,0,0,1,1,1,1,1,1,0,0,0,0,0,0,0,0,1,1
805,0,0,0,41009,97048,41,9,0,0,0,0,0,0,0,45,-122,0,0,0,0,7,0,0,1260,4135,0,8,0,27,0,0,1,4,89519,0,0,0,0,0,0,0,0,0,0,0,0,0,0,0,0,0,0,0,0,0,0,0,0,0,0,0,0,0,0,0,1,0,0,0,0,0,0,0,0,0,0,0,0,0,0,0,0,7,0,0,0,0,0,0,0,0,0,1,1,1,1,1,1,0,0,0,0,0,0,0,0,0,0,0,0,1,1,1,1,1,1,0,0,0,0,0,0,0,0,1,7
806,0,0,0,41009,97048,41,9,0,0,0,0,0,0,0,45,-122,0,0,0,0,4,0,0,1615,5298,1,3,0,15,0,0,1,4,89519,0,0,0,0,0,0,0,0,0,0,0,0,0,0,0,0,0,0,0,0,0,0,0,0,0,0,0,0,0,0,0,1,0,0,0,0,0,0,0,0,0,0,1,0,0,0,0,0,4,0,0,0,0,0,0,0,0,0,1,1,1,1,1,1,0,0,0,0,0,0,0,0,0,0,0,0,1,1,1,1,1,1,0,0,0,0,0,0,0,0,1,4
807,0,0,0,41009,97054,41,9,0,0,0,0,0,0,0,45,-122,0,0,0,0,7,0,0,991,3253,0,11,0,27,0,0,1,4,89519,0,0,0,0,0,0,0,0,0,0,0,0,0,0,0,0,0,0,0,0,0,0,0,0,0,0,0,0,0,0,0,1,0,0,0,0,0,0,0,0,0,0,0,0,0,0,0,0,7,0,0,0,0,0,0,0,0,0,1,1,1,1,1,1,0,0,0,0,0,0,0,0,0,0,0,0,1,1,1,1,1,1,0,0,0,0,0,0,0,0,1,7
808,0,0,0,41009,97048,41,9,0,0,0,0,0,0,0,45,-122,0,0,0,0,11,0,0,2019,6625,1,8,0,42,0,0,1,4,89519,0,0,0,0,0,0,0,0,0,0,0,0,0,0,0,0,0,0,0,0,0,0,0,0,0,0,0,0,0,0,0,1,0,0,0,0,0,0,0,0,0,0,1,0,0,0,0,0,11,0,0,0,0,0,0,0,0,0,1,1,1,1,1,1,0,0,0,0,0,0,0,0,0,0,0,0,1,1,1,1,1,1,0,0,0,0,0,0,0,0,1,11
809,0,0,0,41009,97048,41,9,0,0,0,0,0,0,0,45,-122,0,0,0,0,1,0,0,202,663,0,7,0,3,0,0,1,4,89519,0,0,0,0,0,0,0,0,0,0,0,0,0,0,0,0,0,0,0,0,0,0,0,0,0,0,0,0,0,0,0,1,0,0,0,0,0,0,0,0,0,0,0,0,0,0,0,0,1,0,0,0,0,0,0,0,0,0,1,1,1,1,1,1,0,0,0,0,0,0,0,0,0,0,0,0,1,1,1,1,1,1,0,0,0,0,0,0,0,0,1,1
811,0,0,0,41009,97048,41,9,0,0,0,0,0,0,0,45,-122,0,0,0,0,5,0,0,1053,3457,0,7,0,19,0,0,2,4,71216,0,0,0,0,0,0,0,0,0,0,0,0,0,0,0,0,0,0,0,0,0,0,0,0,0,0,0,0,0,0,0,1,0,0,0,0,0,0,0,0,0,0,0,0,0,0,0,0,5,0,0,0,0,0,0,0,0,0,1,1,1,1,1,1,0,0,0,0,0,0,0,0,0,0,0,0,1,1,1,1,1,1,0,0,0,0,0,0,0,0,1,5
812,0,0,0,41009,97048,41,9,0,0,0,0,0,0,0,45,-122,0,0,0,0,2,0,0,117,386,0,27,0,7,0,0,1,3,68958,0,0,0,0,0,0,0,0,0,0,0,0,0,0,0,0,0,0,0,0,0,0,0,0,0,0,0,0,0,0,0,1,0,0,0,0,0,0,0,0,0,0,0,0,0,0,0,0,2,0,0,0,0,0,0,0,0,0,1,1,1,1,1,1,0,0,0,0,0,0,0,0,0,0,0,0,1,1,1,1,1,1,0,0,0,0,0,0,0,0,1,2
813,0,0,0,41009,97048,41,9,0,0,0,0,0,0,0,45,-122,0,0,0,0,19,0,0,2960,9711,1,10,0,73,0,0,2,4,86000,0,0,0,0,0,0,0,0,0,0,0,0,0,0,0,0,0,0,0,0,0,0,0,0,0,0,0,0,0,0,0,1,0,0,0,0,0,0,0,0,0,0,1,0,0,0,0,0,19,0,0,0,0,0,0,0,0,0,1,1,1,1,1,1,0,0,0,0,0,0,0,0,0,0,0,0,1,1,1,1,1,1,0,0,0,0,0,0,0,0,1,19
814,0,0,0,41009,97048,41,9,0,0,0,0,0,0,0,45,-122,0,0,0,0,1,0,0,480,1574,0,3,0,3,0,0,2,3,68967,0,0,0,0,0,0,0,0,0,0,0,0,0,0,0,0,0,0,0,0,0,0,0,0,0,0,0,0,0,0,0,1,0,0,0,0,0,0,0,0,0,0,0,0,0,0,0,0,1,0,0,0,0,0,0,0,0,0,1,1,1,1,1,1,0,0,0,0,0,0,0,0,0,0,0,0,1,1,1,1,1,1,0,0,0,0,0,0,0,0,1,1
815,0,0,0,41009,97048,41,9,0,0,0,0,0,0,0,45,-122,0,0,0,0,5,0,0,1360,4462,0,5,0,19,0,0,2,4,88149,0,0,0,0,0,0,0,0,0,0,0,0,0,0,0,0,0,0,0,0,0,0,0,0,0,0,0,0,0,0,0,1,0,0,0,0,0,0,0,0,0,0,0,0,0,0,0,0,5,0,0,0,0,0,0,0,0,0,1,1,1,1,1,1,0,0,0,0,0,0,0,0,0,0,0,0,1,1,1,1,1,1,0,0,0,0,0,0,0,0,1,5
816,0,0,0,41009,97048,41,9,0,0,0,0,0,0,0,45,-122,0,0,0,0,5,0,0,3132,10278,1,2,0,19,0,0,2,4,70429,0,0,0,0,0,0,0,0,0,0,0,0,0,0,0,0,0,0,0,0,0,0,0,0,0,0,0,0,0,0,0,1,0,0,0,0,0,0,0,0,0,0,1,0,0,0,0,0,5,0,0,0,0,0,0,0,0,0,1,1,1,1,1,1,0,0,0,0,0,0,0,0,0,0,0,0,1,1,1,1,1,1,0,0,0,0,0,0,0,0,1,5
817,0,0,0,41009,97048,41,9,0,0,0,0,0,0,0,45,-122,0,0,0,0,14,0,0,2018,6621,1,11,0,54,0,0,2,4,88990,0,0,0,0,0,0,0,0,0,0,0,0,0,0,0,0,0,0,0,0,0,0,0,0,0,0,0,0,0,0,0,1,0,0,0,0,0,0,0,0,0,0,1,0,0,0,0,0,14,0,0,0,0,0,0,0,0,0,1,1,1,1,1,1,0,0,0,0,0,0,0,0,0,0,0,0,1,1,1,1,1,1,0,0,0,0,0,0,0,0,1,14
818,0,0,0,41009,97048,41,9,0,0,0,0,0,0,0,45,-122,0,0,0,0,4,0,0,960,3152,0,6,0,15,0,0,1,4,89519,0,0,0,0,0,0,0,0,0,0,0,0,0,0,0,0,0,0,0,0,0,0,0,0,0,0,0,0,0,0,0,1,0,0,0,0,0,0,0,0,0,0,0,0,0,0,0,0,4,0,0,0,0,0,0,0,0,0,1,1,1,1,1,1,0,0,0,0,0,0,0,0,0,0,0,0,1,1,1,1,1,1,0,0,0,0,0,0,0,0,1,4
819,0,0,0,41009,97048,41,9,0,0,0,0,0,0,0,45,-122,0,0,0,0,3,0,0,417,1370,0,11,0,11,0,0,1,4,89519,0,0,0,0,0,0,0,0,0,0,0,0,0,0,0,0,0,0,0,0,0,0,0,0,0,0,0,0,0,0,0,1,0,0,0,0,0,0,0,0,0,0,0,0,0,0,0,0,3,0,0,0,0,0,0,0,0,0,1,1,1,1,1,1,0,0,0,0,0,0,0,0,0,0,0,0,1,1,1,1,1,1,0,0,0,0,0,0,0,0,1,3
820,0,0,0,41009,97054,41,9,0,0,0,0,0,0,0,45,-122,0,0,0,0,1,0,0,0,0,0,1,0,3,0,0,1,4,89519,0,0,0,0,0,0,0,0,0,0,0,0,0,0,0,0,0,0,0,0,0,0,0,0,0,0,0,0,0,0,0,1,0,0,0,0,0,0,0,0,0,0,0,0,0,0,0,0,1,0,0,0,0,0,0,0,0,0,1,1,1,1,1,1,0,0,0,0,0,0,0,0,0,0,0,0,1,1,1,1,1,1,0,0,0,0,0,0,0,0,1,1
821,0,0,0,41009,97048,41,9,0,0,0,0,0,0,0,45,-122,0,0,0,0,2,0,0,185,608,0,17,0,7,0,0,1,4,89519,0,0,0,0,0,0,0,0,0,0,0,0,0,0,0,0,0,0,0,0,0,0,0,0,0,0,0,0,0,0,0,1,0,0,0,0,0,0,0,0,0,0,0,0,0,0,0,0,2,0,0,0,0,0,0,0,0,0,1,1,1,1,1,1,0,0,0,0,0,0,0,0,0,0,0,0,1,1,1,1,1,1,0,0,0,0,0,0,0,0,1,2
822,0,0,0,41009,97048,41,9,0,0,0,0,0,0,0,45,-122,0,0,0,0,15,0,0,1678,5506,1,14,0,58,0,0,2,4,77806,0,0,0,0,0,0,0,0,0,0,0,0,0,0,0,0,0,0,0,0,0,0,0,0,0,0,0,0,0,0,0,1,0,0,0,0,0,0,0,0,0,0,1,0,0,0,0,0,15,0,0,0,0,0,0,0,0,0,1,1,1,1,1,1,0,0,0,0,0,0,0,0,0,0,0,0,1,1,1,1,1,1,0,0,0,0,0,0,0,0,1,15
823,0,0,0,41009,97048,41,9,0,0,0,0,0,0,0,46,-122,0,0,0,0,6,0,0,600,1971,0,16,0,23,0,0,1,3,68958,0,0,0,0,0,0,0,0,0,0,0,0,0,0,0,0,0,0,0,0,0,0,0,0,0,0,0,0,0,0,0,1,0,0,0,0,0,0,0,0,0,0,0,0,0,0,0,0,6,0,0,0,0,0,0,0,0,0,1,1,1,1,1,1,0,0,0,0,0,0,0,0,0,0,0,0,1,1,1,1,1,1,0,0,0,0,0,0,0,0,1,6
824,0,0,0,41009,97048,41,9,0,0,0,0,0,0,0,45,-122,0,0,0,0,9,0,0,1707,5601,1,8,0,34,0,0,2,4,85662,0,0,0,0,0,0,0,0,0,0,0,0,0,0,0,0,0,0,0,0,0,0,0,0,0,0,0,0,0,0,0,1,0,0,0,0,0,0,0,0,0,0,1,0,0,0,0,0,9,0,0,0,0,0,0,0,0,0,1,1,1,1,1,1,0,0,0,0,0,0,0,0,0,0,0,0,1,1,1,1,1,1,0,0,0,0,0,0,0,0,1,9
825,0,0,0,41009,97048,41,9,0,0,0,0,0,0,0,46,-122,0,0,0,0,16,0,0,2563,8409,1,10,0,61,0,0,1,3,68958,0,0,0,0,0,0,0,0,0,0,0,0,0,0,0,0,0,0,0,0,0,0,0,0,0,0,0,0,0,0,0,1,0,0,0,0,0,0,0,0,0,0,1,0,0,0,0,0,16,0,0,0,0,0,0,0,0,0,1,1,1,1,1,1,0,0,0,0,0,0,0,0,0,0,0,0,1,1,1,1,1,1,0,0,0,0,0,0,0,0,1,16
826,0,0,0,41009,97048,41,9,0,0,0,0,0,0,0,45,-122,0,0,0,0,8,0,0,1945,6381,1,6,0,30,0,0,1,4,89519,0,0,0,0,0,0,0,0,0,0,0,0,0,0,0,0,0,0,0,0,0,0,0,0,0,0,0,0,0,0,0,1,0,0,0,0,0,0,0,0,0,0,1,0,0,0,0,0,8,0,0,0,0,0,0,0,0,0,1,1,1,1,1,1,0,0,0,0,0,0,0,0,0,0,0,0,1,1,1,1,1,1,0,0,0,0,0,0,0,0,1,8
827,0,0,0,41009,97048,41,9,0,0,0,0,0,0,0,45,-122,0,0,0,0,12,0,0,1573,5163,0,12,0,46,0,0,2,4,76210,0,0,0,0,0,0,0,0,0,0,0,0,0,0,0,0,0,0,0,0,0,0,0,0,0,0,0,0,0,0,0,1,0,0,0,0,0,0,0,0,0,0,0,0,0,0,0,0,12,0,0,0,0,0,0,0,0,0,1,1,1,1,1,1,0,0,0,0,0,0,0,0,0,0,0,0,1,1,1,1,1,1,0,0,0,0,0,0,0,0,1,12
828,0,0,0,41009,97048,41,9,0,0,0,0,0,0,0,45,-122,0,0,0,0,3,0,0,717,2354,0,6,0,11,0,0,1,4,89519,0,0,0,0,0,0,0,0,0,0,0,0,0,0,0,0,0,0,0,0,0,0,0,0,0,0,0,0,0,0,0,1,0,0,0,0,0,0,0,0,0,0,0,0,0,0,0,0,3,0,0,0,0,0,0,0,0,0,1,1,1,1,1,1,0,0,0,0,0,0,0,0,0,0,0,0,1,1,1,1,1,1,0,0,0,0,0,0,0,0,1,3
829,0,0,0,41009,97054,41,9,0,0,0,0,0,0,0,45,-122,0,0,0,0,5,0,0,539,1768,0,14,0,19,0,0,1,4,89519,0,0,0,0,0,0,0,0,0,0,0,0,0,0,0,0,0,0,0,0,0,0,0,0,0,0,0,0,0,0,0,1,0,0,0,0,0,0,0,0,0,0,0,0,0,0,0,0,5,0,0,0,0,0,0,0,0,0,1,1,1,1,1,1,0,0,0,0,0,0,0,0,0,0,0,0,1,1,1,1,1,1,0,0,0,0,0,0,0,0,1,5
830,0,0,0,41009,97054,41,9,0,0,0,0,0,0,0,45,-122,0,0,0,0,3,0,0,47,156,0,101,0,11,0,0,1,4,89519,0,0,0,0,0,0,0,0,0,0,0,0,0,0,0,0,0,0,0,0,0,0,0,0,0,0,0,0,0,0,0,1,0,0,0,0,0,0,0,0,0,0,0,0,0,0,0,0,3,0,0,0,0,0,0,0,0,0,1,1,1,1,1,1,0,0,0,0,0,0,0,0,0,0,0,0,1,1,1,1,1,1,0,0,0,0,0,0,0,0,1,3
832,0,0,0,41009,97048,41,9,0,0,0,0,0,0,0,45,-122,0,0,0,0,8,0,0,1126,3694,0,11,0,30,0,0,1,4,89519,0,0,0,0,0,0,0,0,0,0,0,0,0,0,0,0,0,0,0,0,0,0,0,0,0,0,0,0,0,0,0,1,0,0,0,0,0,0,0,0,0,0,0,0,0,0,0,0,8,0,0,0,0,0,0,0,0,0,1,1,1,1,1,1,0,0,0,0,0,0,0,0,0,0,0,0,1,1,1,1,1,1,0,0,0,0,0,0,0,0,1,8
834,0,0,0,41009,97054,41,9,0,0,0,0,0,0,0,45,-122,0,0,0,0,5,0,0,44,146,0,179,0,19,0,0,1,4,89519,0,0,0,0,0,0,0,0,0,0,0,0,0,0,0,0,0,0,0,0,0,0,0,0,0,0,0,0,0,0,0,1,0,0,0,0,0,0,0,0,0,0,0,0,0,0,0,0,5,0,0,0,0,0,0,0,0,0,1,1,1,1,1,1,0,0,0,0,0,0,0,0,0,0,0,0,1,1,1,1,1,1,0,0,0,0,0,0,0,0,1,5
835,0,0,0,41009,97054,41,9,0,0,0,0,0,0,0,45,-122,0,0,0,0,6,0,0,835,2742,0,11,0,23,0,0,1,4,89519,0,0,0,0,0,0,0,0,0,0,0,0,0,0,0,0,0,0,0,0,0,0,0,0,0,0,0,0,0,0,0,1,0,0,0,0,0,0,0,0,0,0,0,0,0,0,0,0,6,0,0,0,0,0,0,0,0,0,1,1,1,1,1,1,0,0,0,0,0,0,0,0,0,0,0,0,1,1,1,1,1,1,0,0,0,0,0,0,0,0,1,6
836,0,0,0,41009,97048,41,9,0,0,0,0,0,0,0,45,-122,0,0,0,0,13,0,0,2235,7335,1,9,0,50,0,0,2,4,84752,0,0,0,0,0,0,0,0,0,0,0,0,0,0,0,0,0,0,0,0,0,0,0,0,0,0,0,0,0,0,0,1,0,0,0,0,0,0,0,0,0,0,1,0,0,0,0,0,13,0,0,0,0,0,0,0,0,0,1,1,1,1,1,1,0,0,0,0,0,0,0,0,0,0,0,0,1,1,1,1,1,1,0,0,0,0,0,0,0,0,1,13
837,0,0,0,41009,97054,41,9,0,0,0,0,0,0,0,45,-122,0,0,0,0,10,0,0,1544,5067,0,10,0,38,0,0,1,4,89519,0,0,0,0,0,0,0,0,0,0,0,0,0,0,0,0,0,0,0,0,0,0,0,0,0,0,0,0,0,0,0,1,0,0,0,0,0,0,0,0,0,0,0,0,0,0,0,0,10,0,0,0,0,0,0,0,0,0,1,1,1,1,1,1,0,0,0,0,0,0,0,0,0,0,0,0,1,1,1,1,1,1,0,0,0,0,0,0,0,0,1,10
838,0,0,0,41009,97048,41,9,0,0,0,0,0,0,0,45,-122,0,0,0,0,9,0,0,541,1777,0,26,0,34,0,0,1,4,89519,0,0,0,0,0,0,0,0,0,0,0,0,0,0,0,0,0,0,0,0,0,0,0,0,0,0,0,0,0,0,0,1,0,0,0,0,0,0,0,0,0,0,0,0,0,0,0,0,9,0,0,0,0,0,0,0,0,0,1,1,1,1,1,1,0,0,0,0,0,0,0,0,0,0,0,0,1,1,1,1,1,1,0,0,0,0,0,0,0,0,1,9
839,0,0,0,41009,97054,41,9,0,0,0,0,0,0,0,45,-122,0,0,0,0,7,0,0,1372,4502,0,8,0,27,0,0,1,4,89519,0,0,0,0,0,0,0,0,0,0,0,0,0,0,0,0,0,0,0,0,0,0,0,0,0,0,0,0,0,0,0,1,0,0,0,0,0,0,0,0,0,0,0,0,0,0,0,0,7,0,0,0,0,0,0,0,0,0,1,1,1,1,1,1,0,0,0,0,0,0,0,0,0,0,0,0,1,1,1,1,1,1,0,0,0,0,0,0,0,0,1,7
847,0,0,0,41009,97048,41,9,0,0,0,0,0,0,0,46,-122,0,0,0,0,2,0,0,589,1933,0,5,0,7,0,0,1,3,68958,0,0,0,0,0,0,0,0,0,0,0,0,0,0,0,0,0,0,0,0,0,0,0,0,0,0,0,0,0,0,0,1,0,0,0,0,0,0,0,0,0,0,0,0,0,0,0,0,2,0,0,0,0,0,0,0,0,0,1,1,1,1,1,1,0,0,0,0,0,0,0,0,0,0,0,0,1,1,1,1,1,1,0,0,0,0,0,0,0,0,1,2
848,0,0,0,41009,97048,41,9,0,0,0,0,0,0,0,46,-122,0,0,0,0,2,0,0,0,0,0,3,0,7,0,0,1,3,68958,0,0,0,0,0,0,0,0,0,0,0,0,0,0,0,0,0,0,0,0,0,0,0,0,0,0,0,0,0,0,0,1,0,0,0,0,0,0,0,0,0,0,0,0,0,0,0,0,2,0,0,0,0,0,0,0,0,0,1,1,1,1,1,1,0,0,0,0,0,0,0,0,0,0,0,0,1,1,1,1,1,1,0,0,0,0,0,0,0,0,1,2
849,0,0,0,41009,97048,41,9,0,0,0,0,0,0,0,46,-122,0,0,0,0,4,0,0,549,1803,0,11,0,15,0,0,1,3,68958,0,0,0,0,0,0,0,0,0,0,0,0,0,0,0,0,0,0,0,0,0,0,0,0,0,0,0,0,0,0,0,1,0,0,0,0,0,0,0,0,0,0,0,0,0,0,0,0,4,0,0,0,0,0,0,0,0,0,1,1,1,1,1,1,0,0,0,0,0,0,0,0,0,0,0,0,1,1,1,1,1,1,0,0,0,0,0,0,0,0,1,4
850,0,0,0,41009,97048,41,9,0,0,0,0,0,0,0,46,-122,0,0,0,0,1,0,0,161,529,0,9,0,3,0,0,1,3,68958,0,0,0,0,0,0,0,0,0,0,0,0,0,0,0,0,0,0,0,0,0,0,0,0,0,0,0,0,0,0,0,1,0,0,0,0,0,0,0,0,0,0,0,0,0,0,0,0,1,0,0,0,0,0,0,0,0,0,1,1,1,1,1,1,0,0,0,0,0,0,0,0,0,0,0,0,1,1,1,1,1,1,0,0,0,0,0,0,0,0,1,1
851,0,0,0,41009,97048,41,9,0,0,0,0,0,0,0,46,-122,0,0,0,0,3,0,0,682,2239,0,7,0,11,0,0,1,3,68958,0,0,0,0,0,0,0,0,0,0,0,0,0,0,0,0,0,0,0,0,0,0,0,0,0,0,0,0,0,0,0,1,0,0,0,0,0,0,0,0,0,0,0,0,0,0,0,0,3,0,0,0,0,0,0,0,0,0,1,1,1,1,1,1,0,0,0,0,0,0,0,0,0,0,0,0,1,1,1,1,1,1,0,0,0,0,0,0,0,0,1,3
852,0,0,0,41009,97048,41,9,0,0,0,0,0,0,0,46,-122,0,0,0,0,5,0,0,548,1799,0,14,0,19,0,0,1,3,68958,0,0,0,0,0,0,0,0,0,0,0,0,0,0,0,0,0,0,0,0,0,0,0,0,0,0,0,0,0,0,0,1,0,0,0,0,0,0,0,0,0,0,0,0,0,0,0,0,5,0,0,0,0,0,0,0,0,0,1,1,1,1,1,1,0,0,0,0,0,0,0,0,0,0,0,0,1,1,1,1,1,1,0,0,0,0,0,0,0,0,1,5
853,0,0,0,41009,97048,41,9,0,0,0,0,0,0,0,46,-123,0,0,0,0,4,0,0,1222,4012,0,5,0,15,0,0,2,4,68672,0,0,0,0,0,0,0,0,0,0,0,0,0,0,0,0,0,0,0,0,0,0,0,0,0,0,0,0,0,0,0,1,0,0,0,0,0,0,0,0,0,0,0,0,0,0,0,0,4,0,0,0,0,0,0,0,0,0,1,1,1,1,1,1,0,0,0,0,0,0,0,0,0,0,0,0,1,1,1,1,1,1,0,0,0,0,0,0,0,0,1,4
854,0,0,0,41009,97048,41,9,0,0,0,0,0,0,0,46,-123,0,0,0,0,1,0,0,0,0,0,1,0,3,0,0,1,3,68958,0,0,0,0,0,0,0,0,0,0,0,0,0,0,0,0,0,0,0,0,0,0,0,0,0,0,0,0,0,0,0,1,0,0,0,0,0,0,0,0,0,0,0,0,0,0,0,0,1,0,0,0,0,0,0,0,0,0,1,1,1,1,1,1,0,0,0,0,0,0,0,0,0,0,0,0,1,1,1,1,1,1,0,0,0,0,0,0,0,0,1,1
855,0,0,0,41009,97048,41,9,0,0,0,0,0,0,0,46,-123,0,0,0,0,2,0,0,406,1334,0,7,0,7,0,0,2,3,68926,0,0,0,0,0,0,0,0,0,0,0,0,0,0,0,0,0,0,0,0,0,0,0,0,0,0,0,0,0,0,0,1,0,0,0,0,0,0,0,0,0,0,0,0,0,0,0,0,2,0,0,0,0,0,0,0,0,0,1,1,1,1,1,1,0,0,0,0,0,0,0,0,0,0,0,0,1,1,1,1,1,1,0,0,0,0,0,0,0,0,1,2
856,0,0,0,41009,97048,41,9,0,0,0,0,0,0,0,46,-122,0,0,0,0,4,0,0,1609,5279,1,3,0,15,0,0,1,3,68958,0,0,0,0,0,0,0,0,0,0,0,0,0,0,0,0,0,0,0,0,0,0,0,0,0,0,0,0,0,0,0,1,0,0,0,0,0,0,0,0,0,0,1,0,0,0,0,0,4,0,0,0,0,0,0,0,0,0,1,1,1,1,1,1,0,0,0,0,0,0,0,0,0,0,0,0,1,1,1,1,1,1,0,0,0,0,0,0,0,0,1,4
857,0,0,0,41009,97048,41,9,0,0,0,0,0,0,0,46,-122,0,0,0,0,6,0,0,1677,5504,1,5,0,23,0,0,1,3,68958,0,0,0,0,0,0,0,0,0,0,0,0,0,0,0,0,0,0,0,0,0,0,0,0,0,0,0,0,0,0,0,1,0,0,0,0,0,0,0,0,0,0,1,0,0,0,0,0,6,0,0,0,0,0,0,0,0,0,1,1,1,1,1,1,0,0,0,0,0,0,0,0,0,0,0,0,1,1,1,1,1,1,0,0,0,0,0,0,0,0,1,6
858,0,0,0,41009,97048,41,9,0,0,0,0,0,0,0,46,-122,0,0,0,0,14,0,0,1841,6042,1,12,0,54,0,0,2,5,71810,0,0,0,0,0,0,0,0,0,0,0,0,0,0,0,0,0,0,0,0,0,0,0,0,0,0,0,0,0,0,0,1,0,0,0,0,0,0,0,0,0,0,1,0,0,0,0,0,14,0,0,0,0,0,0,0,0,0,1,1,1,1,1,1,0,0,0,0,0,0,0,0,0,0,0,0,1,1,1,1,1,1,0,0,0,0,0,0,0,0,1,14
859,0,0,0,41009,97048,41,9,0,0,0,0,0,0,0,46,-122,0,0,0,0,12,0,0,1714,5624,1,11,0,46,0,0,1,3,68958,0,0,0,0,0,0,0,0,0,0,0,0,0,0,0,0,0,0,0,0,0,0,0,0,0,0,0,3,0,0,0,1,1500,1500,1500,1500,3,3,3,3,3,3,1,0,0,0,0,0,9,0,0,0,1,1,1,1,1,1,0,0,0,0,0,0,0,0,0,0,0,0,0,0,0,0,0,0,1,1,1,1,1,1,0,0,0,0,0,0,0,0,1,9
860,0,0,0,41009,97048,41,9,0,0,0,0,0,0,0,46,-122,0,0,0,0,5,0,0,885,2906,0,9,0,19,0,0,1,3,68958,0,0,0,0,0,0,0,0,0,0,0,0,0,0,0,0,0,0,0,0,0,0,0,0,0,0,0,0,0,0,0,1,0,0,0,0,0,0,0,0,0,0,0,0,0,0,0,0,5,0,0,0,0,0,0,0,0,0,1,1,1,1,1,1,0,0,0,0,0,0,0,0,0,0,0,0,1,1,1,1,1,1,0,0,0,0,0,0,0,0,1,5
861,0,0,0,41009,97048,41,9,0,0,0,0,0,0,0,46,-122,0,0,0,0,3,0,0,665,2184,0,7,0,11,0,0,1,3,68958,0,0,0,0,0,0,0,0,0,0,0,0,0,0,0,0,0,0,0,0,0,0,0,0,0,0,0,0,0,0,0,1,0,0,0,0,0,0,0,0,0,0,0,0,0,0,0,0,3,0,0,0,0,0,0,0,0,0,1,1,1,1,1,1,0,0,0,0,0,0,0,0,0,0,0,0,1,1,1,1,1,1,0,0,0,0,0,0,0,0,1,3
862,0,0,0,41009,97048,41,9,0,0,0,0,0,0,0,46,-122,0,0,0,0,7,0,0,1041,3415,0,10,0,27,0,0,1,3,68958,0,0,0,0,0,0,0,0,0,0,0,0,0,0,0,0,0,0,0,0,0,0,0,0,0,0,0,0,0,0,0,1,0,0,0,0,0,0,0,0,0,0,0,0,0,0,0,0,7,0,0,0,0,0,0,0,0,0,1,1,1,1,1,1,0,0,0,0,0,0,0,0,0,0,0,0,1,1,1,1,1,1,0,0,0,0,0,0,0,0,1,7
863,0,0,0,41009,97048,41,9,0,0,0,0,0,0,0,46,-122,0,0,0,0,6,0,0,581,1909,0,16,0,23,0,0,1,3,68958,0,0,0,0,0,0,0,0,0,0,0,0,0,0,0,0,0,0,0,0,0,0,0,0,0,0,0,0,0,0,0,1,0,0,0,0,0,0,0,0,0,0,0,0,0,0,0,0,6,0,0,0,0,0,0,0,0,0,1,1,1,1,1,1,0,0,0,0,0,0,0,0,0,0,0,0,1,1,1,1,1,1,0,0,0,0,0,0,0,0,1,6
864,0,0,0,41009,97048,41,9,0,0,0,0,0,0,0,46,-122,0,0,0,0,6,0,0,1332,4372,0,7,0,23,0,0,1,3,68958,0,0,0,0,0,0,0,0,0,0,0,0,0,0,0,0,0,0,0,0,0,0,0,0,0,0,0,0,0,0,0,1,0,0,0,0,0,0,0,0,0,0,0,0,0,0,0,0,6,0,0,0,0,0,0,0,0,0,1,1,1,1,1,1,0,0,0,0,0,0,0,0,0,0,0,0,1,1,1,1,1,1,0,0,0,0,0,0,0,0,1,6
865,0,0,0,41009,97048,41,9,0,0,0,0,0,0,0,46,-122,0,0,0,0,8,0,0,2000,6563,1,6,0,30,0,0,1,3,68958,0,0,0,0,0,0,0,0,0,0,0,0,0,0,0,0,0,0,0,0,0,0,0,0,0,0,0,0,0,0,0,1,0,0,0,0,0,0,0,0,0,0,1,0,0,0,0,0,8,0,0,0,0,0,0,0,0,0,1,1,1,1,1,1,0,0,0,0,0,0,0,0,0,0,0,0,1,1,1,1,1,1,0,0,0,0,0,0,0,0,1,8
866,0,0,0,41009,97048,41,9,0,0,0,0,0,0,0,46,-122,0,0,0,0,4,0,0,1371,4498,0,4,0,15,0,0,1,3,68958,0,0,0,0,0,0,0,0,0,0,0,0,0,0,0,0,0,0,0,0,0,0,0,0,0,0,0,0,0,0,0,1,0,0,0,0,0,0,0,0,0,0,0,0,0,0,0,0,4,0,0,0,0,0,0,0,0,0,1,1,1,1,1,1,0,0,0,0,0,0,0,0,0,0,0,0,1,1,1,1,1,1,0,0,0,0,0,0,0,0,1,4
867,0,0,0,41009,97048,41,9,0,0,0,0,0,0,0,46,-122,0,0,0,0,1,0,0,422,1387,0,3,0,3,0,0,1,3,68958,0,0,0,0,0,0,0,0,0,0,0,0,0,0,0,0,0,0,0,0,0,0,0,0,0,0,0,0,0,0,0,1,0,0,0,0,0,0,0,0,0,0,0,0,0,0,0,0,1,0,0,0,0,0,0,0,0,0,1,1,1,1,1,1,0,0,0,0,0,0,0,0,0,0,0,0,1,1,1,1,1,1,0,0,0,0,0,0,0,0,1,1
868,0,0,0,41009,97048,41,9,0,0,0,0,0,0,0,45,-122,0,0,0,0,3,0,0,885,2904,0,5,0,11,0,0,1,3,68958,0,0,0,0,0,0,0,0,0,0,0,0,0,0,0,0,0,0,0,0,0,0,0,0,0,0,0,0,0,0,0,1,0,0,0,0,0,0,0,0,0,0,0,0,0,0,0,0,3,0,0,0,0,0,0,0,0,0,1,1,1,1,1,1,0,0,0,0,0,0,0,0,0,0,0,0,1,1,1,1,1,1,0,0,0,0,0,0,0,0,1,3
869,0,0,0,41009,97048,41,9,0,0,0,0,0,0,0,45,-122,0,0,0,0,3,0,0,420,1379,0,11,0,11,0,0,1,3,68958,0,0,0,0,0,0,0,0,0,0,0,0,0,0,0,0,0,0,0,0,0,0,0,0,0,0,0,0,0,0,0,1,0,0,0,0,0,0,0,0,0,0,0,0,0,0,0,0,3,0,0,0,0,0,0,0,0,0,1,1,1,1,1,1,0,0,0,0,0,0,0,0,0,0,0,0,1,1,1,1,1,1,0,0,0,0,0,0,0,0,1,3
870,0,0,0,41009,97048,41,9,0,0,0,0,0,0,0,45,-122,0,0,0,0,1,0,0,1557,5111,0,1,0,3,0,0,1,3,68958,0,0,0,0,0,0,0,0,0,0,0,0,0,0,0,0,0,0,0,0,0,0,0,0,0,0,0,0,0,0,0,1,0,0,0,0,0,0,0,0,0,0,0,0,0,0,0,0,1,0,0,0,0,0,0,0,0,0,1,1,1,1,1,1,0,0,0,0,0,0,0,0,0,0,0,0,1,1,1,1,1,1,0,0,0,0,0,0,0,0,1,1
871,0,0,0,41009,97048,41,9,0,0,0,0,0,0,0,45,-122,0,0,0,0,9,0,0,2313,7591,1,6,0,34,0,0,1,3,68958,0,0,0,0,0,0,0,0,0,0,0,0,0,0,0,0,0,0,0,0,0,0,0,0,0,0,0,0,0,0,0,1,0,0,0,0,0,0,0,0,0,0,1,0,0,0,0,0,9,0,0,0,0,0,0,0,0,0,1,1,1,1,1,1,0,0,0,0,0,0,0,0,0,0,0,0,1,1,1,1,1,1,0,0,0,0,0,0,0,0,1,9
872,0,0,0,41009,97054,41,9,0,0,0,0,0,0,0,45,-122,0,0,0,0,1,0,0,1105,3627,0,1,0,3,0,0,1,3,68958,0,0,0,0,0,0,0,0,0,0,0,0,0,0,0,0,0,0,0,0,0,0,0,0,0,0,0,0,0,0,0,1,0,0,0,0,0,0,0,0,0,0,0,0,0,0,0,0,1,0,0,0,0,0,0,0,0,0,1,1,1,1,1,1,0,0,0,0,0,0,0,0,0,0,0,0,1,1,1,1,1,1,0,0,0,0,0,0,0,0,1,1
873,0,0,0,41009,97048,41,9,0,0,0,0,0,0,0,46,-122,0,0,0,0,13,0,0,1533,5032,0,13,0,50,0,0,1,3,68958,0,0,0,0,0,0,0,0,0,0,0,0,0,0,0,0,0,0,0,0,0,0,0,0,0,0,0,0,0,0,0,1,0,0,0,0,0,0,0,0,0,0,0,0,0,0,0,0,13,0,0,0,0,0,0,0,0,0,1,1,1,1,1,1,0,0,0,0,0,0,0,0,0,0,0,0,1,1,1,1,1,1,0,0,0,0,0,0,0,0,1,13
874,0,0,0,41009,97048,41,9,0,0,0,0,0,0,0,46,-122,0,0,0,0,16,0,0,949,3114,0,27,0,61,0,0,1,3,68958,0,0,0,0,0,0,0,0,0,0,0,0,0,0,0,0,0,0,0,0,0,0,0,0,0,0,0,0,0,0,0,1,0,0,0,0,0,0,0,0,0,0,0,0,0,0,0,0,16,0,0,0,0,0,0,0,0,0,1,1,1,1,1,1,0,0,0,0,0,0,0,0,0,0,0,0,1,1,1,1,1,1,0,0,0,0,0,0,0,0,1,16
875,0,0,0,41009,97048,41,9,0,0,0,0,0,0,0,46,-122,0,0,0,0,9,0,0,1141,3744,0,12,0,34,0,0,1,3,68958,0,0,0,0,0,0,0,0,0,0,0,0,0,0,0,0,0,0,0,0,0,0,0,0,0,0,0,0,0,0,0,1,0,0,0,0,0,0,0,0,0,0,0,0,0,0,0,0,9,0,0,0,0,0,0,0,0,0,1,1,1,1,1,1,0,0,0,0,0,0,0,0,0,0,0,0,1,1,1,1,1,1,0,0,0,0,0,0,0,0,1,9
876,0,0,0,41009,97048,41,9,0,0,0,0,0,0,0,46,-122,0,0,0,0,7,0,0,681,2236,0,16,0,27,0,0,1,3,68958,0,0,0,0,0,0,0,0,0,0,0,0,0,0,0,0,0,0,0,0,0,0,0,0,0,0,0,0,0,0,0,1,0,0,0,0,0,0,0,0,0,0,0,0,0,0,0,0,7,0,0,0,0,0,0,0,0,0,1,1,1,1,1,1,0,0,0,0,0,0,0,0,0,0,0,0,1,1,1,1,1,1,0,0,0,0,0,0,0,0,1,7
877,0,0,0,41009,97048,41,9,0,0,0,0,0,0,0,45,-122,0,0,0,0,8,0,0,2205,7237,1,5,0,30,0,0,1,3,68958,0,0,0,0,0,0,0,0,0,0,0,0,0,0,0,0,0,0,0,0,0,0,0,0,0,0,0,0,0,0,0,1,0,0,0,0,0,0,0,0,0,0,1,0,0,0,0,0,8,0,0,0,0,0,0,0,0,0,1,1,1,1,1,1,0,0,0,0,0,0,0,0,0,0,0,0,1,1,1,1,1,1,0,0,0,0,0,0,0,0,1,8
878,0,0,0,41009,97048,41,9,0,0,0,0,0,0,0,46,-122,0,0,0,0,4,0,0,926,3041,0,6,0,15,0,0,1,3,68958,0,0,0,0,0,0,0,0,0,0,0,0,0,0,0,0,0,0,0,0,0,0,0,0,0,0,0,0,0,0,0,1,0,0,0,0,0,0,0,0,0,0,0,0,0,0,0,0,4,0,0,0,0,0,0,0,0,0,1,1,1,1,1,1,0,0,0,0,0,0,0,0,0,0,0,0,1,1,1,1,1,1,0,0,0,0,0,0,0,0,1,4
879,0,0,0,41009,97048,41,9,0,0,0,0,0,0,0,45,-122,0,0,0,0,18,0,0,3286,10782,2,8,0,69,0,0,1,3,68958,0,0,0,0,0,0,0,0,0,0,0,0,0,0,0,0,0,0,0,0,0,0,0,0,0,0,0,1,0,0,0,1,1500,1500,1500,1500,1,1,1,1,1,1,2,0,0,0,0,0,17,0,0,0,1,1,1,1,1,1,0,0,0,0,0,0,0,0,0,0,0,0,0,0,0,0,0,0,1,1,1,1,1,1,0,0,0,0,0,0,0,0,1,16
880,0,0,0,41009,97048,41,9,0,0,0,0,0,0,0,45,-122,0,0,0,0,1,0,0,0,0,0,1,0,3,0,0,1,3,89519,0,0,0,0,0,0,0,0,0,0,0,0,0,0,0,0,0,0,0,0,0,0,0,0,0,0,0,0,0,0,0,1,0,0,0,0,0,0,0,0,0,0,0,0,0,0,0,0,1,0,0,0,0,0,0,0,0,0,1,1,1,1,1,1,0,0,0,0,0,0,0,0,0,0,0,0,1,1,1,1,1,1,0,0,0,0,0,0,0,0,1,1
881,0,0,0,41009,97048,41,9,0,0,0,0,0,0,0,46,-122,0,0,0,0,2,0,0,1180,3874,0,2,0,7,0,0,1,4,89519,0,0,0,0,0,0,0,0,0,0,0,0,0,0,0,0,0,0,0,0,0,0,0,0,0,0,0,0,0,0,0,1,0,0,0,0,0,0,0,0,0,0,0,0,0,0,0,0,2,0,0,0,0,0,0,0,0,0,1,1,1,1,1,1,0,0,0,0,0,0,0,0,0,0,0,0,1,1,1,1,1,1,0,0,0,0,0,0,0,0,1,2
882,0,0,0,41009,97048,41,9,0,0,0,0,0,0,0,46,-122,0,0,0,0,4,0,0,0,0,0,6,0,15,0,0,1,2,89519,0,0,0,0,0,0,0,0,0,0,0,0,0,0,0,0,0,0,0,0,0,0,0,0,0,0,0,0,0,0,0,1,0,0,0,0,0,0,0,0,0,0,0,0,0,0,0,0,4,0,0,0,0,0,0,0,0,0,1,1,1,1,1,1,0,0,0,0,0,0,0,0,0,0,0,0,1,1,1,1,1,1,0,0,0,0,0,0,0,0,1,4
883,0,0,0,41009,97048,41,9,0,0,0,0,0,0,0,45,-122,0,0,0,0,1,0,0,2763,9067,1,0,0,3,0,0,1,4,89519,0,0,0,0,0,0,0,0,0,0,0,0,0,0,0,0,0,0,0,0,0,0,0,0,0,0,0,0,0,0,0,1,0,0,0,0,0,0,0,0,0,0,1,0,0,0,0,0,1,0,0,0,0,0,0,0,0,0,1,1,1,1,1,1,0,0,0,0,0,0,0,0,0,0,0,0,1,1,1,1,1,1,0,0,0,0,0,0,0,0,1,1
884,0,0,0,41009,97048,41,9,0,0,0,0,0,0,0,45,-122,0,0,0,0,1,0,0,0,0,0,1,0,3,0,0,1,4,89519,0,0,0,0,0,0,0,0,0,0,0,0,0,0,0,0,0,0,0,0,0,0,0,0,0,0,0,0,0,0,0,1,0,0,0,0,0,0,0,0,0,0,0,0,0,0,0,0,1,0,0,0,0,0,0,0,0,0,1,1,1,1,1,1,0,0,0,0,0,0,0,0,0,0,0,0,1,1,1,1,1,1,0,0,0,0,0,0,0,0,1,1
885,0,0,0,41009,97048,41,9,0,0,0,0,0,0,0,45,-122,0,0,0,0,2,0,0,2699,8857,1,1,0,7,0,0,1,4,89519,0,0,0,0,0,0,0,0,0,0,0,0,0,0,0,0,0,0,0,0,0,0,0,0,0,0,0,0,0,0,0,1,0,0,0,0,0,0,0,0,0,0,1,0,0,0,0,0,2,0,0,0,0,0,0,0,0,0,1,1,1,1,1,1,0,0,0,0,0,0,0,0,0,0,0,0,1,1,1,1,1,1,0,0,0,0,0,0,0,0,1,2
887,0,0,0,41009,97054,41,9,0,0,0,0,0,0,0,45,-122,0,0,0,0,6,0,0,2082,6831,1,4,0,23,0,0,1,4,89519,0,0,0,0,0,0,0,0,0,0,0,0,0,0,0,0,0,0,0,0,0,0,0,0,0,0,0,3,0,0,0,1,1500,1500,1500,1500,3,3,3,3,3,3,1,0,0,0,0,0,3,0,0,0,1,1,1,1,1,1,0,0,0,0,0,0,0,0,0,0,0,0,0,0,0,0,0,0,1,1,1,1,1,1,0,0,0,0,0,0,0,0,1,3
888,0,0,0,41009,97016,41,9,0,0,0,0,0,0,0,46,-123,0,0,0,0,4,0,0,380,1248,0,16,0,15,0,0,1,3,64141,0,0,0,0,0,0,0,0,0,0,0,0,0,0,0,0,0,0,0,0,0,0,0,0,0,0,0,2,0,0,0,1,1500,1500,1500,1500,2,2,2,2,2,2,0,0,0,0,0,0,2,0,0,0,1,1,1,1,1,1,0,0,0,0,0,0,0,0,0,0,0,0,0,0,0,0,0,0,1,1,1,1,1,1,0,0,0,0,0,0,0,0,1,2
889,0,0,0,41009,97016,41,9,0,0,0,0,0,0,0,46,-123,0,0,0,0,28,0,0,2871,9420,1,15,0,108,0,0,1,3,64141,0,0,0,0,0,0,0,0,0,0,0,0,0,0,0,0,0,0,0,0,0,0,0,0,0,0,0,13,0,0,0,1,1500,1500,1500,1500,13,13,13,13,13,13,1,0,0,0,0,0,15,0,0,0,1,1,1,1,1,1,0,0,0,0,0,0,0,0,0,0,0,0,0,0,0,0,0,0,1,1,1,1,1,1,0,0,0,0,0,0,0,0,1,15
890,0,0,0,41009,97016,41,9,0,0,0,0,0,0,0,46,-123,0,0,0,0,26,0,0,2608,8557,1,16,0,100,0,0,2,3,64539,0,0,0,0,0,0,0,0,0,0,0,0,0,0,0,0,0,0,0,0,0,0,0,0,0,0,0,26,0,0,0,1,1500,1500,1500,1500,26,26,26,26,26,26,1,0,0,1,1,1,0,1,1,1,1,1,1,1,1,1,0,0,0,0,0,0,0,0,0,0,0,0,1,1,1,1,1,1,0,0,0,0,0,0,0,0,0,0,0,0,0,0,1,0
891,0,0,0,41009,97016,41,9,0,0,0,0,0,0,0,46,-123,0,0,0,0,1,0,0,0,0,0,1,0,3,0,0,1,3,64141,0,0,0,0,0,0,0,0,0,0,0,0,0,1,0,0,0,0,0,0,0,0,0,0,0,0,0,0,0,0,0,1,0,0,0,0,0,0,0,0,0,0,0,0,0,0,0,0,1,0,0,0,0,0,0,0,0,0,1,1,1,1,1,1,0,0,0,0,0,0,0,0,0,0,0,0,1,1,1,1,1,1,0,0,0,0,0,0,0,0,1,1
892,0,0,0,41009,97016,41,9,0,0,0,0,0,0,0,46,-123,0,0,0,0,6,0,0,1037,3405,0,9,0,23,0,0,1,3,64141,0,0,0,0,0,0,0,0,0,0,0,0,0,0,0,0,0,0,0,0,0,0,0,0,0,0,0,4,0,0,0,1,1500,1500,1500,1500,4,4,4,4,4,4,0,0,0,0,0,0,2,0,0,0,1,1,1,1,1,1,0,0,0,0,0,0,0,0,0,0,0,0,0,0,0,0,0,0,1,1,1,1,1,1,0,0,0,0,0,0,0,0,1,1
894,0,0,0,41009,97016,41,9,0,0,0,0,0,0,0,46,-123,0,0,0,0,1,0,0,1932,6339,1,0,0,3,0,0,2,3,79337,0,0,0,0,0,0,0,0,0,0,0,0,0,0,0,0,0,0,0,0,0,0,0,0,0,0,0,1,0,0,0,1,1500,1500,1500,1500,1,1,1,1,1,1,1,0,0,1,1,1,0,1,1,1,1,1,1,1,1,1,0,0,0,0,0,0,0,0,0,0,0,0,1,1,1,1,1,1,0,0,0,0,0,0,0,0,0,0,0,0,0,0,1,0
895,0,0,0,41009,97016,41,9,0,0,0,0,0,0,0,46,-123,0,0,0,0,19,0,0,4432,14541,2,6,0,73,0,0,2,3,73136,0,0,0,0,0,0,0,0,0,0,0,0,0,0,0,0,0,0,0,0,0,0,0,0,0,0,0,14,0,0,0,1,1500,1500,1500,1500,14,14,14,14,14,14,2,0,0,0,0,0,5,0,0,0,1,1,1,1,1,1,0,0,0,0,0,0,0,0,0,0,0,0,0,0,0,0,0,0,1,1,1,1,1,1,0,0,0,0,0,0,0,0,1,5
896,0,0,0,41009,97016,41,9,0,0,0,0,0,0,0,46,-123,0,0,0,0,4,0,0,839,2753,0,7,0,15,0,0,2,3,82381,0,0,0,0,0,0,0,0,0,0,0,0,0,0,0,0,0,0,0,0,0,0,0,0,0,0,0,3,0,0,0,1,1500,1500,1500,1500,3,3,3,3,3,3,0,0,0,0,0,0,1,0,0,0,1,1,1,1,1,1,0,0,0,0,0,0,0,0,0,0,0,0,0,0,0,0,0,0,1,1,1,1,1,1,0,0,0,0,0,0,0,0,1,1
899,0,0,0,41009,97016,41,9,0,0,0,0,0,0,0,46,-123,0,0,0,0,2,0,0,544,1785,0,5,0,7,0,0,1,3,64141,0,0,0,0,0,0,0,0,0,0,0,0,0,0,0,0,0,0,0,0,0,0,0,0,0,0,0,0,0,0,0,1,0,0,0,0,0,0,0,0,0,0,0,0,0,0,0,0,2,0,0,0,0,0,0,0,0,0,1,1,1,1,1,1,0,0,0,0,0,0,0,0,0,0,0,0,1,1,1,1,1,1,0,0,0,0,0,0,0,0,1,2
900,0,0,0,41009,97016,41,9,0,0,0,0,0,0,0,46,-123,0,0,0,0,8,0,0,2735,8974,1,4,0,31,0,0,2,6,70403,0,0,0,0,0,0,0,0,0,0,0,0,0,0,0,0,0,0,0,0,0,0,0,0,0,0,0,8,0,0,0,1,1500,1500,1500,1500,8,8,8,8,8,8,1,0,0,1,1,1,0,1,1,1,1,1,1,1,1,1,0,0,0,0,0,0,0,0,0,0,0,0,1,1,1,1,1,1,0,0,0,0,0,0,0,0,0,0,0,0,0,0,1,0
901,0,0,0,41009,97048,41,9,0,0,0,0,0,0,0,46,-123,0,0,0,0,1,0,0,1749,5741,1,0,0,3,0,0,2,14,71893,0,0,0,0,0,0,0,0,0,0,0,0,0,0,0,0,0,0,0,0,0,0,0,0,0,0,0,0,0,0,0,1,0,0,0,0,0,0,0,0,0,0,1,0,0,0,0,0,1,0,0,0,0,0,0,0,0,0,1,1,1,1,1,1,0,0,0,0,0,0,0,0,0,0,0,0,1,1,1,1,1,1,0,0,0,0,0,0,0,0,1,1
902,0,0,0,41009,97048,41,9,0,0,0,0,0,0,0,46,-123,0,0,0,0,44,0,0,4994,16388,3,14,0,170,0,0,3,8,67975,0,0,0,0,0,0,0,0,0,0,0,0,0,0,0,0,0,0,0,0,0,0,0,0,0,0,0,23,0,0,0,1,1500,1500,1500,1500,23,23,23,23,23,23,3,0,0,0,0,0,21,0,0,0,1,1,1,1,1,1,0,0,0,0,0,0,0,0,0,0,0,0,0,0,0,0,0,0,1,1,1,1,1,1,0,0,0,0,0,0,0,0,1,20
903,0,0,0,41009,97048,41,9,0,0,0,0,0,0,0,46,-123,0,0,0,0,24,0,0,1581,5187,0,24,0,93,0,0,2,15,71910,0,0,0,0,0,0,0,0,0,0,0,0,0,0,0,0,0,0,0,0,0,0,0,0,0,0,0,21,0,0,0,1,1500,1500,1500,1500,21,21,21,21,21,21,0,0,0,0,0,0,3,0,0,0,1,1,1,1,1,1,0,0,0,0,0,0,0,0,0,0,0,0,0,0,0,0,0,0,1,1,1,1,1,1,0,0,0,0,0,0,0,0,1,3
904,0,0,0,41009,97016,41,9,0,0,0,0,0,0,0,46,-123,0,0,0,0,2,0,0,0,0,0,3,0,7,0,0,1,3,64141,0,0,0,0,0,0,0,0,0,0,0,0,0,0,0,0,0,0,0,0,0,0,0,0,0,0,0,2,0,0,0,1,1500,1500,1500,1500,2,2,2,2,2,2,0,0,0,1,1,1,0,1,1,1,1,1,1,1,1,1,0,0,0,0,0,0,0,0,0,0,0,0,1,1,1,1,1,1,0,0,0,0,0,0,0,0,0,0,0,0,0,0,1,0
905,0,0,0,41009,97016,41,9,0,0,0,0,0,0,0,46,-123,0,0,0,0,8,0,0,279,918,0,45,0,31,0,0,2,3,64318,0,0,0,0,0,0,0,0,0,0,0,0,0,0,0,0,0,0,0,0,0,0,0,0,0,0,0,6,0,0,0,1,1500,1500,1500,1500,6,6,6,6,6,6,0,0,0,0,0,0,2,0,0,0,1,1,1,1,1,1,0,0,0,0,0,0,0,0,0,0,0,0,0,0,0,0,0,0,1,1,1,1,1,1,0,0,0,0,0,0,0,0,1,2
906,0,0,0,41009,97048,41,9,0,0,0,0,0,0,0,46,-123,0,0,0,0,70,0,0,2313,7590,1,48,0,271,0,0,1,3,64141,0,0,0,0,0,0,0,0,0,0,0,0,0,0,0,0,0,0,0,0,0,0,0,0,0,0,0,19,0,0,0,1,1500,1500,1500,1500,19,19,19,19,19,19,1,0,0,0,0,0,51,0,0,0,1,1,1,1,1,1,0,0,0,0,0,0,0,0,0,0,0,0,0,0,0,0,0,0,1,1,1,1,1,1,0,0,0,0,0,0,0,0,1,51
907,0,0,0,41009,97016,41,9,0,0,0,0,0,0,0,46,-123,0,0,0,0,9,0,0,569,1867,0,25,0,34,0,0,1,3,82422,0,0,0,0,0,0,0,0,0,0,0,0,0,0,0,0,0,0,0,0,0,0,0,0,0,0,0,6,0,0,0,1,1500,1500,1500,1500,6,6,6,6,6,6,0,0,0,0,0,0,3,0,0,0,1,1,1,1,1,1,0,0,0,0,0,0,0,0,0,0,0,0,0,0,0,0,0,0,1,1,1,1,1,1,0,0,0,0,0,0,0,0,1,2
908,0,0,0,41009,97016,41,9,0,0,0,0,0,0,0,46,-123,0,0,0,0,1,0,0,46,151,0,34,0,3,0,0,1,3,82422,0,0,0,0,0,0,0,0,0,0,0,0,0,0,0,0,0,0,0,0,0,0,0,0,0,0,0,1,0,0,0,1,1500,1500,1500,1500,1,1,1,1,1,1,0,0,0,1,1,1,0,1,1,1,1,1,1,1,1,1,0,0,0,0,0,0,0,0,0,0,0,0,1,1,1,1,1,1,0,0,0,0,0,0,0,0,0,0,0,0,0,0,1,0
909,0,0,0,41009,97048,41,9,0,0,0,0,0,0,0,46,-123,0,0,0,0,25,0,0,2205,7234,1,18,0,97,0,0,2,10,72407,0,0,0,0,0,0,0,0,0,0,0,0,0,0,0,0,0,0,0,0,0,0,0,0,0,0,0,17,0,0,0,1,1500,1500,1500,1500,17,17,17,17,17,17,1,0,0,0,0,0,8,0,0,0,1,1,1,1,1,1,0,0,0,0,0,0,0,0,0,0,0,0,0,0,0,0,0,0,1,1,1,1,1,1,0,0,0,0,0,0,0,0,1,7
910,0,0,0,41009,97016,41,9,0,0,0,0,0,0,0,46,-123,0,0,0,0,13,0,0,1151,3779,0,18,0,50,0,0,1,3,82422,0,0,0,0,0,0,0,0,0,0,0,0,0,1,0,0,0,0,0,0,0,0,0,0,0,0,0,9,0,0,0,1,1500,1500,1500,1500,9,9,9,9,9,9,0,0,0,0,0,0,4,0,0,0,1,1,1,1,1,1,0,0,0,0,0,0,0,0,0,0,0,0,0,0,0,0,0,0,1,1,1,1,1,1,0,0,0,0,0,0,0,0,1,4
911,0,0,0,41009,97016,41,9,0,0,0,0,0,0,0,46,-123,0,0,0,0,13,0,0,2263,7425,1,9,0,50,0,0,2,3,79322,0,0,0,0,0,0,0,0,0,0,0,0,0,0,0,0,0,0,0,0,0,0,0,0,0,0,0,12,0,0,0,1,1500,1500,1500,1500,12,12,12,12,12,12,1,0,0,0,0,0,1,0,0,0,1,1,1,1,1,1,0,0,0,0,0,0,0,0,0,0,0,0,0,0,0,0,0,0,1,1,1,1,1,1,0,0,0,0,0,0,0,0,1,1
912,0,0,0,41009,97016,41,9,0,0,0,0,0,0,0,46,-123,0,0,0,0,1,0,0,896,2940,0,1,0,3,0,0,1,3,82422,0,0,0,0,0,0,0,0,0,0,0,0,0,0,0,0,0,0,0,0,0,0,0,0,0,0,0,1,0,0,0,1,1500,1500,1500,1500,1,1,1,1,1,1,0,0,0,1,1,1,0,1,1,1,1,1,1,1,1,1,0,0,0,0,0,0,0,0,0,0,0,0,1,1,1,1,1,1,0,0,0,0,0,0,0,0,0,0,0,0,0,0,1,0
913,0,0,0,41009,97048,41,9,0,0,0,0,0,0,0,46,-123,0,0,0,0,15,0,0,3446,11307,2,7,0,58,0,0,3,7,72813,0,0,0,0,0,0,0,0,0,0,0,0,0,0,0,0,0,0,0,0,0,0,0,0,0,0,0,9,0,0,0,1,1500,1500,1500,1500,9,9,9,9,9,9,2,0,0,0,0,0,6,0,0,0,1,1,1,1,1,1,0,0,0,0,0,0,0,0,0,0,0,0,0,0,0,0,0,0,1,1,1,1,1,1,0,0,0,0,0,0,0,0,1,6
914,0,0,0,41009,97016,41,9,0,0,0,0,0,0,0,46,-123,0,0,0,0,3,0,0,1346,4419,0,3,0,11,0,0,1,3,64141,0,0,0,0,0,0,0,0,0,0,0,0,0,1,0,0,0,0,0,0,0,0,0,0,0,0,0,1,0,0,0,1,1500,1500,1500,1500,1,1,1,1,1,1,0,0,0,0,0,0,2,0,0,0,1,1,1,1,1,1,0,0,0,0,0,0,0,0,0,0,0,0,0,0,0,0,0,0,1,1,1,1,1,1,0,0,0,0,0,0,0,0,1,2
915,0,0,0,41009,97016,41,9,0,0,0,0,0,0,0,46,-123,0,0,0,0,2,0,0,956,3139,0,3,0,7,0,0,1,3,64141,0,0,0,0,0,0,0,0,0,0,0,0,0,1,0,0,0,0,0,0,0,0,0,0,0,0,0,0,0,0,0,1,0,0,0,0,0,0,0,0,0,0,0,0,0,0,0,0,2,0,0,0,0,0,0,0,0,0,1,1,1,1,1,1,0,0,0,0,0,0,0,0,0,0,0,0,1,1,1,1,1,1,0,0,0,0,0,0,0,0,1,2
916,0,0,0,41009,97016,41,9,0,0,0,0,0,0,0,46,-123,0,0,0,0,11,0,0,1416,4646,0,12,0,42,0,0,1,3,64141,0,0,0,0,0,0,0,0,0,0,0,0,0,1,0,0,0,0,0,0,0,0,0,0,0,0,0,7,0,0,0,1,1500,1500,1500,1500,7,7,7,7,7,7,0,0,0,0,0,0,4,0,0,0,1,1,1,1,1,1,0,0,0,0,0,0,0,0,0,0,0,0,0,0,0,0,0,0,1,1,1,1,1,1,0,0,0,0,0,0,0,0,1,4
917,0,0,0,41009,97016,41,9,0,0,0,0,0,0,0,46,-123,0,0,0,0,5,0,0,1933,6342,1,4,0,19,0,0,1,3,64141,0,0,0,0,0,0,0,0,0,0,0,0,0,1,0,0,0,0,0,0,0,0,0,0,0,0,0,2,0,0,0,1,1500,1500,1500,1500,2,2,2,2,2,2,1,0,0,0,0,0,3,0,0,0,1,1,1,1,1,1,0,0,0,0,0,0,0,0,0,0,0,0,0,0,0,0,0,0,1,1,1,1,1,1,0,0,0,0,0,0,0,0,1,3
918,0,0,0,41009,97016,41,9,0,0,0,0,0,0,0,46,-123,0,0,0,0,2,0,0,1015,3333,0,3,0,7,0,0,1,3,64141,0,0,0,0,0,0,0,0,0,0,0,0,0,1,0,0,0,0,0,0,0,0,0,0,0,0,0,2,0,0,0,1,1500,1500,1500,1500,2,2,2,2,2,2,0,0,0,1,1,1,0,1,1,1,1,1,1,1,1,1,0,0,0,0,0,0,0,0,0,0,0,0,1,1,1,1,1,1,0,0,0,0,0,0,0,0,0,0,0,0,0,0,1,0
919,0,0,0,41009,97016,41,9,0,0,0,0,0,0,0,46,-123,0,0,0,0,4,0,0,982,3223,0,6,0,15,0,0,1,3,64141,0,0,0,0,0,0,0,0,0,0,0,0,0,0,0,0,0,0,0,0,0,0,0,0,0,0,0,1,0,0,0,1,1500,1500,1500,1500,1,1,1,1,1,1,0,0,0,0,0,0,3,0,0,0,1,1,1,1,1,1,0,0,0,0,0,0,0,0,0,0,0,0,0,0,0,0,0,0,1,1,1,1,1,1,0,0,0,0,0,0,0,0,1,3
922,0,0,0,41009,97016,41,9,0,0,0,0,0,0,0,46,-123,0,0,0,0,5,0,0,538,1765,0,14,0,19,0,0,1,3,64141,0,0,0,0,0,0,0,0,0,0,0,0,0,1,0,0,0,0,0,0,0,0,0,0,0,0,0,4,0,0,0,1,1500,1500,1500,1500,4,4,4,4,4,4,0,0,0,0,0,0,1,0,0,0,1,1,1,1,1,1,0,0,0,0,0,0,0,0,0,0,0,0,0,0,0,0,0,0,1,1,1,1,1,1,0,0,0,0,0,0,0,0,1,0
926,0,0,0,41009,97016,41,9,0,0,0,0,0,0,0,46,-123,0,0,0,0,4,0,0,1336,4385,0,4,0,15,0,0,1,3,64141,0,0,0,0,0,0,0,0,0,0,0,0,0,0,0,0,0,0,0,0,0,0,0,0,0,0,0,0,0,0,0,1,0,0,0,0,0,0,0,0,0,0,0,0,0,0,0,0,4,0,0,0,0,0,0,0,0,0,1,1,1,1,1,1,0,0,0,0,0,0,0,0,0,0,0,0,1,1,1,1,1,1,0,0,0,0,0,0,0,0,1,4
927,0,0,0,41009,97016,41,9,0,0,0,0,0,0,0,46,-123,0,0,0,0,1,0,0,1024,3362,0,1,0,3,0,0,1,3,64141,0,0,0,0,0,0,0,0,0,0,0,0,0,0,0,0,0,0,0,0,0,0,0,0,0,0,0,0,0,0,0,1,0,0,0,0,0,0,0,0,0,0,0,0,0,0,0,0,1,0,0,0,0,0,0,0,0,0,1,1,1,1,1,1,0,0,0,0,0,0,0,0,0,0,0,0,1,1,1,1,1,1,0,0,0,0,0,0,0,0,1,1
928,0,0,0,41009,97048,41,9,0,0,0,0,0,0,0,46,-123,0,0,0,0,3,0,0,2216,7272,1,2,0,11,0,0,1,3,64141,0,0,0,0,0,0,0,0,0,0,0,0,0,0,0,0,0,0,0,0,0,0,0,0,0,0,0,0,0,0,0,1,0,0,0,0,0,0,0,0,0,0,1,0,0,0,0,0,3,0,0,0,0,0,0,0,0,0,1,1,1,1,1,1,0,0,0,0,0,0,0,0,0,0,0,0,1,1,1,1,1,1,0,0,0,0,0,0,0,0,1,3
929,0,0,0,41009,97048,41,9,0,0,0,0,0,0,0,46,-123,0,0,0,0,1,0,0,884,2900,0,1,0,3,0,0,1,3,64141,0,0,0,0,0,0,0,0,0,0,0,0,0,0,0,0,0,0,0,0,0,0,0,0,0,0,0,1,0,0,0,1,1500,1500,1500,1500,1,1,1,1,1,1,0,0,0,1,1,1,0,1,1,1,1,1,1,1,1,1,0,0,0,0,0,0,0,0,0,0,0,0,1,1,1,1,1,1,0,0,0,0,0,0,0,0,0,0,0,0,0,0,1,0
930,0,0,0,41009,97016,41,9,0,0,0,0,0,0,0,46,-123,0,0,0,0,4,0,0,952,3125,0,6,0,15,0,0,1,3,64141,0,0,0,0,0,0,0,0,0,0,0,0,0,0,0,0,0,0,0,0,0,0,0,0,0,0,0,2,0,0,0,1,1500,1500,1500,1500,2,2,2,2,2,2,0,0,0,0,0,0,2,0,0,0,1,1,1,1,1,1,0,0,0,0,0,0,0,0,0,0,0,0,0,0,0,0,0,0,1,1,1,1,1,1,0,0,0,0,0,0,0,0,1,2
931,0,0,0,41009,97016,41,9,0,0,0,0,0,0,0,46,-123,0,0,0,0,15,0,0,1062,3486,0,22,0,58,0,0,1,3,64141,0,0,0,0,0,0,0,0,0,0,0,0,0,0,0,0,0,0,0,0,0,0,0,0,0,0,0,15,0,0,0,1,1500,1500,1500,1500,15,15,15,15,15,15,0,0,0,1,1,1,0,1,1,1,1,1,1,1,1,1,0,0,0,0,0,0,0,0,0,0,0,0,1,1,1,1,1,1,0,0,0,0,0,0,0,0,0,0,0,0,0,0,1,0
932,0,0,0,41009,97048,41,9,0,0,0,0,0,0,0,46,-123,0,0,0,0,10,0,0,2022,6636,1,7,0,38,0,0,1,3,64141,0,0,0,0,0,0,0,0,0,0,0,0,0,0,0,0,0,0,0,0,0,0,0,0,0,0,0,0,0,0,0,1,0,0,0,0,0,0,0,0,0,0,1,0,0,0,0,0,10,0,0,0,0,0,0,0,0,0,1,1,1,1,1,1,0,0,0,0,0,0,0,0,0,0,0,0,1,1,1,1,1,1,0,0,0,0,0,0,0,0,1,10
960,0,0,0,41009,97016,41,9,0,0,0,0,0,0,0,46,-123,0,0,0,0,5,0,0,1159,3803,0,6,0,19,0,0,1,3,82422,0,0,0,0,0,0,0,0,0,0,0,0,0,1,0,0,0,0,0,0,0,0,0,0,0,0,0,4,0,0,0,1,1500,1500,1500,1500,4,4,4,4,4,4,0,0,0,0,0,0,1,0,0,0,1,1,1,1,1,1,0,0,0,0,0,0,0,0,0,0,0,0,0,0,0,0,0,0,1,1,1,1,1,1,0,0,0,0,0,0,0,0,1,0
961,0,0,0,41009,97016,41,9,0,0,0,0,0,0,0,46,-123,0,0,0,0,3,0,0,766,2514,0,6,0,11,0,0,1,3,82422,0,0,0,0,0,0,0,0,0,0,0,0,0,1,0,0,0,0,0,0,0,0,0,0,0,0,0,1,0,0,0,1,1500,1500,1500,1500,1,1,1,1,1,1,0,0,0,0,0,0,2,0,0,0,1,1,1,1,1,1,0,0,0,0,0,0,0,0,0,0,0,0,0,0,0,0,0,0,1,1,1,1,1,1,0,0,0,0,0,0,0,0,1,2
962,0,0,0,41009,97016,41,9,0,0,0,0,0,0,0,46,-123,0,0,0,0,1,0,0,1229,4034,0,1,0,3,0,0,1,3,82422,0,0,0,0,0,0,0,0,0,0,0,0,0,1,0,0,0,0,0,0,0,0,0,0,0,0,0,1,0,0,0,1,1500,1500,1500,1500,1,1,1,1,1,1,0,0,0,1,1,1,0,1,1,1,1,1,1,1,1,1,0,0,0,0,0,0,0,0,0,0,0,0,1,1,1,1,1,1,0,0,0,0,0,0,0,0,0,0,0,0,0,0,1,0
963,0,0,0,41009,97048,41,9,0,0,0,0,0,0,0,46,-123,0,0,0,0,4,0,0,2027,6651,1,3,0,15,0,0,1,7,62826,0,0,0,0,0,0,0,0,0,0,0,0,0,0,0,0,0,0,0,0,0,0,0,0,0,0,0,2,0,0,0,1,1500,1500,1500,1500,2,2,2,2,2,2,1,0,0,0,0,0,2,0,0,0,1,1,1,1,1,1,0,0,0,0,0,0,0,0,0,0,0,0,0,0,0,0,0,0,1,1,1,1,1,1,0,0,0,0,0,0,0,0,1,2
964,0,0,0,41009,97048,41,9,0,0,0,0,0,0,0,46,-123,0,0,0,0,4,0,0,231,758,0,27,0,15,0,0,1,7,62826,0,0,0,0,0,0,0,0,0,0,0,0,0,0,0,0,0,0,0,0,0,0,0,0,0,0,0,2,0,0,0,1,1200,1200,35,35,2,2,2,0,0,0,0,0,0,0,0,0,2,0,0,0,1,1,1,0,0,0,0,0,0,1,1,1,0,0,0,0,0,0,0,0,0,0,0,0,1,1,1,1,1,1,0,0,0,0,0,0,0,0,1,2
965,0,0,0,41009,97048,41,9,0,0,0,0,0,0,0,46,-122,0,0,0,0,21,0,0,554,1820,0,60,0,81,0,0,1,7,62826,0,0,0,0,0,0,0,0,0,0,0,0,0,0,0,0,0,0,0,0,0,0,0,0,0,0,0,3,0,0,0,1,1200,1200,35,35,3,3,3,0,0,0,0,0,0,0,0,0,18,0,0,0,1,1,1,0,0,0,0,0,0,1,1,1,0,0,0,0,0,0,0,0,0,0,0,0,1,1,1,1,1,1,0,0,0,0,0,0,0,0,1,17
966,0,0,0,41009,97048,41,9,0,0,0,0,0,0,0,46,-123,0,0,0,0,12,0,0,1660,5448,1,11,0,46,0,0,1,7,62826,0,0,0,0,0,0,0,0,0,0,0,0,0,0,0,0,0,0,0,0,0,0,0,0,0,0,0,12,0,0,0,1,1200,1200,35,35,12,12,12,0,0,0,1,0,0,1,1,1,0,0,0,0,1,1,1,0,0,0,0,0,0,1,1,1,0,0,0,0,0,0,1,1,1,0,0,0,0,0,0,1,1,1,0,0,0,0,0,0,0,0,1,0
967,0,0,0,41009,97048,41,9,0,0,0,0,0,0,0,46,-123,0,0,0,0,22,0,0,3332,10932,2,10,0,85,0,0,2,7,63357,0,0,0,0,0,0,0,0,0,0,0,0,0,0,0,0,0,0,0,0,0,0,0,0,0,0,0,3,0,0,0,1,1500,1500,1500,1500,3,3,3,3,3,3,2,0,0,0,0,0,19,0,0,0,1,1,1,1,1,1,0,0,0,0,0,0,0,0,0,0,0,0,0,0,0,0,0,0,1,1,1,1,1,1,0,0,0,0,0,0,0,0,1,19
968,0,0,0,41009,97048,41,9,0,0,0,0,0,0,0,46,-123,0,0,0,0,13,0,0,1821,5974,1,11,0,50,0,0,1,7,62826,0,0,0,0,0,0,0,0,0,0,0,0,0,0,0,0,0,0,0,0,0,0,0,0,0,0,0,1,0,0,0,1,1500,1500,1500,1500,1,1,1,1,1,1,1,0,0,0,0,0,12,0,0,0,1,1,1,1,1,1,0,0,0,0,0,0,0,0,0,0,0,0,0,0,0,0,0,0,1,1,1,1,1,1,0,0,0,0,0,0,0,0,1,11
969,0,0,0,41009,97048,41,9,0,0,0,0,0,0,0,46,-122,0,0,0,0,9,0,0,4113,13495,2,3,0,34,0,0,2,7,63102,0,0,0,0,0,0,0,0,0,0,0,0,0,0,0,0,0,0,0,0,0,0,0,0,0,0,0,0,0,0,0,1,0,0,0,0,0,0,0,0,0,0,2,0,0,0,0,0,9,0,0,0,0,0,0,0,0,0,1,1,1,1,1,1,0,0,0,0,0,0,0,0,0,0,0,0,1,1,1,1,1,1,0,0,0,0,0,0,0,0,1,9
970,0,0,0,41009,97048,41,9,0,0,0,0,0,0,0,46,-123,0,0,0,0,8,0,0,1376,4515,0,9,0,31,0,0,1,7,62826,0,0,0,0,0,0,0,0,0,0,0,0,0,0,0,0,0,0,0,0,0,0,0,0,0,0,0,6,0,0,0,1,1500,1500,1500,1500,6,6,6,6,6,6,0,0,0,0,0,0,2,0,0,0,1,1,1,1,1,1,0,0,0,0,0,0,0,0,0,0,0,0,0,0,0,0,0,0,1,1,1,1,1,1,0,0,0,0,0,0,0,0,1,2
971,0,0,0,41009,97048,41,9,0,0,0,0,0,0,0,46,-123,0,0,0,0,14,0,0,1203,3947,0,18,0,54,0,0,1,7,62826,0,0,0,0,0,0,0,0,0,0,0,0,0,0,0,0,0,0,0,0,0,0,0,0,0,0,0,11,0,0,0,1,1500,1500,1500,1500,11,11,11,11,11,11,0,0,0,0,0,0,3,0,0,0,1,1,1,1,1,1,0,0,0,0,0,0,0,0,0,0,0,0,0,0,0,0,0,0,1,1,1,1,1,1,0,0,0,0,0,0,0,0,1,2
972,0,0,0,41009,97048,41,9,0,0,0,0,0,0,0,46,-123,0,0,0,0,9,0,0,1531,5025,0,9,0,34,0,0,1,7,62826,0,0,0,0,0,0,0,0,0,0,0,0,0,0,0,0,0,0,0,0,0,0,0,0,0,0,0,0,0,0,0,1,0,0,0,0,0,0,0,0,0,0,0,0,0,0,0,0,9,0,0,0,0,0,0,0,0,0,1,1,1,1,1,1,0,0,0,0,0,0,0,0,0,0,0,0,1,1,1,1,1,1,0,0,0,0,0,0,0,0,1,9
973,0,0,0,41009,97048,41,9,0,0,0,0,0,0,0,46,-123,0,0,0,0,1,0,0,590,1937,0,2,0,3,0,0,1,7,62826,0,0,0,0,0,0,0,0,0,0,0,0,0,0,0,0,0,0,0,0,0,0,0,0,0,0,0,0,0,0,0,1,0,0,0,0,0,0,0,0,0,0,0,0,0,0,0,0,1,0,0,0,0,0,0,0,0,0,1,1,1,1,1,1,0,0,0,0,0,0,0,0,0,0,0,0,1,1,1,1,1,1,0,0,0,0,0,0,0,0,1,1
974,0,0,0,41009,97048,41,9,0,0,0,0,0,0,0,46,-123,0,0,0,0,1,0,0,696,2284,0,2,0,3,0,0,1,7,62826,0,0,0,0,0,0,0,0,0,0,0,0,0,0,0,0,0,0,0,0,0,0,0,0,0,0,0,0,0,0,0,1,0,0,0,0,0,0,0,0,0,0,0,0,0,0,0,0,1,0,0,0,0,0,0,0,0,0,1,1,1,1,1,1,0,0,0,0,0,0,0,0,0,0,0,0,1,1,1,1,1,1,0,0,0,0,0,0,0,0,1,1
975,0,0,0,41009,97048,41,9,0,0,0,0,0,0,0,46,-123,0,0,0,0,24,0,0,1823,5984,1,21,0,93,0,0,2,8,66794,0,0,0,0,0,0,0,0,0,0,0,0,0,0,0,0,0,0,0,0,0,0,0,0,0,0,0,19,0,0,0,1,1500,1500,1500,1500,19,19,19,19,19,19,1,0,0,0,0,0,5,0,0,0,1,1,1,1,1,1,0,0,0,0,0,0,0,0,0,0,0,0,0,0,0,0,0,0,1,1,1,1,1,1,0,0,0,0,0,0,0,0,1,4
976,0,0,0,41009,97048,41,9,0,0,0,0,0,0,0,46,-123,0,0,0,0,6,0,0,1666,5467,1,5,0,23,0,0,1,7,62826,0,0,0,0,0,0,0,0,0,0,0,0,0,0,0,0,0,0,0,0,0,0,0,0,0,0,0,3,0,0,0,1,1500,1500,1500,1500,3,3,3,3,3,3,1,0,0,0,0,0,3,0,0,0,1,1,1,1,1,1,0,0,0,0,0,0,0,0,0,0,0,0,0,0,0,0,0,0,1,1,1,1,1,1,0,0,0,0,0,0,0,0,1,3
977,0,0,0,41009,97048,41,9,0,0,0,0,0,0,0,46,-122,0,0,0,0,16,0,0,2802,9195,1,9,0,62,0,0,1,7,62826,0,0,0,0,0,0,0,0,0,0,0,0,0,0,0,0,0,0,0,0,0,0,0,0,0,0,0,17,0,0,0,1,1200,1200,35,35,17,17,17,0,0,0,1,0,0,1,1,1,0,0,0,0,1,1,1,0,0,0,0,0,0,1,1,1,0,0,0,0,0,0,1,1,1,0,0,0,0,0,0,1,1,1,0,0,0,0,0,0,0,0,1,0
978,0,0,0,41009,97048,41,9,0,0,0,0,0,0,0,46,-122,0,0,0,0,2,0,0,1672,5488,1,1,0,7,0,0,1,7,62826,0,0,0,0,0,0,0,0,0,0,0,0,0,0,0,0,0,0,0,0,0,0,0,0,0,0,0,3,0,0,0,1,1200,1200,35,35,3,3,3,0,0,0,1,0,0,1,1,1,0,0,0,0,1,1,1,0,0,0,0,0,0,1,1,1,0,0,0,0,0,0,1,1,1,0,0,0,0,0,0,1,1,1,0,0,0,0,0,0,0,0,1,0
979,0,0,0,41009,97048,41,9,0,0,0,0,0,0,0,46,-122,0,0,0,0,1,0,0,0,0,0,1,0,3,0,0,1,5,62826,0,0,0,0,0,0,0,0,0,0,0,0,0,0,0,0,0,0,0,0,0,0,0,0,0,0,0,0,0,0,0,1,0,0,0,0,0,0,0,0,0,0,0,0,0,0,0,0,1,0,0,0,0,0,0,0,0,0,1,1,1,1,1,1,0,0,0,0,0,0,0,0,0,0,0,0,1,1,1,1,1,1,0,0,0,0,0,0,0,0,1,1
980,0,0,0,41009,97048,41,9,0,0,0,0,0,0,0,46,-123,0,0,0,0,3,0,0,1194,3919,0,4,0,11,0,0,1,7,62826,0,0,0,0,0,0,0,0,0,0,0,0,0,0,0,0,0,0,0,0,0,0,0,0,0,0,0,0,0,0,0,1,0,0,0,0,0,0,0,0,0,0,0,0,0,0,0,0,3,0,0,0,0,0,0,0,0,0,1,1,1,1,1,1,0,0,0,0,0,0,0,0,0,0,0,0,1,1,1,1,1,1,0,0,0,0,0,0,0,0,1,3
981,0,0,0,41009,97048,41,9,0,0,0,0,0,0,0,46,-123,0,0,0,0,6,0,0,873,2864,0,11,0,23,0,0,1,7,62826,0,0,0,0,0,0,0,0,0,0,0,0,0,0,0,0,0,0,0,0,0,0,0,0,0,0,0,0,0,0,0,1,0,0,0,0,0,0,0,0,0,0,0,0,0,0,0,0,6,0,0,0,0,0,0,0,0,0,1,1,1,1,1,1,0,0,0,0,0,0,0,0,0,0,0,0,1,1,1,1,1,1,0,0,0,0,0,0,0,0,1,6
982,0,0,0,41009,97048,41,9,0,0,0,0,0,0,0,46,-122,0,0,0,0,3,0,0,503,1653,0,9,0,11,0,0,1,7,62826,0,0,0,0,0,0,0,0,0,0,0,0,0,0,0,0,0,0,0,0,0,0,0,0,0,0,0,3,0,0,0,1,1200,1200,35,35,3,3,3,0,0,0,0,0,0,1,1,1,0,0,0,0,1,1,1,0,0,0,0,0,0,1,1,1,0,0,0,0,0,0,1,1,1,0,0,0,0,0,0,1,1,1,0,0,0,0,0,0,0,0,1,0
983,0,0,0,41009,97048,41,9,0,0,0,0,0,0,0,46,-123,0,0,0,0,7,0,0,734,2408,0,15,0,27,0,0,1,7,66250,0,0,0,0,0,0,0,0,0,0,0,0,0,0,0,0,0,0,0,0,0,0,0,0,0,0,0,0,0,0,0,1,0,0,0,0,0,0,0,0,0,0,0,0,0,0,0,0,7,0,0,0,0,0,0,0,0,0,1,1,1,1,1,1,0,0,0,0,0,0,0,0,0,0,0,0,1,1,1,1,1,1,0,0,0,0,0,0,0,0,1,7
984,0,0,0,41009,97048,41,9,0,0,0,0,0,0,0,46,-123,0,0,0,0,7,0,0,421,1384,0,26,0,27,0,0,2,7,66249,0,0,0,0,0,0,0,0,0,0,0,0,0,0,0,0,0,0,0,0,0,0,0,0,0,0,0,0,0,0,0,1,0,0,0,0,0,0,0,0,0,0,0,0,0,0,0,0,7,0,0,0,0,0,0,0,0,0,1,1,1,1,1,1,0,0,0,0,0,0,0,0,0,0,0,0,1,1,1,1,1,1,0,0,0,0,0,0,0,0,1,7
985,0,0,0,41009,97048,41,9,0,0,0,0,0,0,0,46,-122,0,0,0,0,5,0,0,644,2113,0,12,0,19,0,0,1,7,66250,0,0,0,0,0,0,0,0,0,0,0,0,0,0,0,0,0,0,0,0,0,0,0,0,0,0,0,0,0,0,0,1,0,0,0,0,0,0,0,0,0,0,0,0,0,0,0,0,5,0,0,0,0,0,0,0,0,0,1,1,1,1,1,1,0,0,0,0,0,0,0,0,0,0,0,0,1,1,1,1,1,1,0,0,0,0,0,0,0,0,1,5
986,0,0,0,41009,97048,41,9,0,0,0,0,0,0,0,46,-122,0,0,0,0,11,0,0,5029,16501,3,3,0,42,0,0,2,7,66048,0,0,0,0,0,0,0,0,0,0,0,0,0,0,0,0,0,0,0,0,0,0,0,0,0,0,0,0,0,0,0,1,0,0,0,0,0,0,0,0,0,0,3,0,0,0,0,0,11,0,0,0,0,0,0,0,0,0,1,1,1,1,1,1,0,0,0,0,0,0,0,0,0,0,0,0,1,1,1,1,1,1,0,0,0,0,0,0,0,0,1,11
987,0,0,0,41009,97048,41,9,0,0,0,0,0,0,0,46,-123,0,0,0,0,6,0,0,821,2696,0,11,0,23,0,0,1,7,66250,0,0,0,0,0,0,0,0,0,0,0,0,0,0,0,0,0,0,0,0,0,0,0,0,0,0,0,0,0,0,0,1,0,0,0,0,0,0,0,0,0,0,0,0,0,0,0,0,6,0,0,0,0,0,0,0,0,0,1,1,1,1,1,1,0,0,0,0,0,0,0,0,0,0,0,0,1,1,1,1,1,1,0,0,0,0,0,0,0,0,1,6
988,0,0,0,41009,97048,41,9,0,0,0,0,0,0,0,46,-123,0,0,0,0,4,0,0,0,0,0,6,0,15,0,0,1,7,66250,0,0,0,0,0,0,0,0,0,0,0,0,0,0,0,0,0,0,0,0,0,0,0,0,0,0,0,0,0,0,0,1,0,0,0,0,0,0,0,0,0,0,0,0,0,0,0,0,4,0,0,0,0,0,0,0,0,0,1,1,1,1,1,1,0,0,0,0,0,0,0,0,0,0,0,0,1,1,1,1,1,1,0,0,0,0,0,0,0,0,1,4
989,0,0,0,41009,97048,41,9,0,0,0,0,0,0,0,46,-122,0,0,0,0,6,0,0,74,245,0,129,0,23,0,0,1,7,66250,0,0,0,0,0,0,0,0,0,0,0,0,0,0,0,0,0,0,0,0,0,0,0,0,0,0,0,0,0,0,0,1,0,0,0,0,0,0,0,0,0,0,0,0,0,0,0,0,6,0,0,0,0,0,0,0,0,0,1,1,1,1,1,1,0,0,0,0,0,0,0,0,0,0,0,0,1,1,1,1,1,1,0,0,0,0,0,0,0,0,1,6
990,0,0,0,41009,97048,41,9,0,0,0,0,0,0,0,46,-123,0,0,0,0,4,0,0,900,2954,0,7,0,15,0,0,2,3,64128,0,0,0,0,0,0,0,0,0,0,0,0,0,0,0,0,0,0,0,0,0,0,0,0,0,0,0,0,0,0,0,1,0,0,0,0,0,0,0,0,0,0,0,0,0,0,0,0,4,0,0,0,0,0,0,0,0,0,1,1,1,1,1,1,0,0,0,0,0,0,0,0,0,0,0,0,1,1,1,1,1,1,0,0,0,0,0,0,0,0,1,4
991,0,0,0,41009,97048,41,9,0,0,0,0,0,0,0,46,-123,0,0,0,0,7,0,0,3654,11989,2,3,0,27,0,0,2,5,63172,0,0,0,0,0,0,0,0,0,0,0,0,0,0,0,0,0,0,0,0,0,0,0,0,0,0,0,1,0,0,0,1,1500,1500,1500,1500,1,1,1,1,1,1,2,0,0,0,0,0,6,0,0,0,1,1,1,1,1,1,0,0,0,0,0,0,0,0,0,0,0,0,0,0,0,0,0,0,1,1,1,1,1,1,0,0,0,0,0,0,0,0,1,5
992,0,0,0,41009,97048,41,9,0,0,0,0,0,0,0,46,-123,0,0,0,0,15,0,0,3436,11275,2,7,0,58,0,0,3,5,63886,0,0,0,0,0,0,0,0,0,0,0,0,0,0,0,0,0,0,0,0,0,0,0,0,0,0,0,3,0,0,0,1,1500,1500,1500,1500,3,3,3,3,3,3,2,0,0,0,0,0,12,0,0,0,1,1,1,1,1,1,0,0,0,0,0,0,0,0,0,0,0,0,0,0,0,0,0,0,1,1,1,1,1,1,0,0,0,0,0,0,0,0,1,12
993,0,0,0,41009,97048,41,9,0,0,0,0,0,0,0,46,-123,0,0,0,0,18,0,0,4248,13940,2,6,0,69,0,0,2,7,62844,0,0,0,0,0,0,0,0,0,0,0,0,0,0,0,0,0,0,0,0,0,0,0,0,0,0,0,8,0,0,0,1,1500,1500,1500,1500,8,8,8,8,8,8,2,0,0,0,0,0,10,0,0,0,1,1,1,1,1,1,0,0,0,0,0,0,0,0,0,0,0,0,0,0,0,0,0,0,1,1,1,1,1,1,0,0,0,0,0,0,0,0,1,10
994,0,0,0,41009,97048,41,9,0,0,0,0,0,0,0,46,-123,0,0,0,0,1,0,0,622,2041,0,2,0,3,0,0,1,3,64141,0,0,0,0,0,0,0,0,0,0,0,0,0,0,0,0,0,0,0,0,0,0,0,0,0,0,0,0,0,0,0,1,0,0,0,0,0,0,0,0,0,0,0,0,0,0,0,0,1,0,0,0,0,0,0,0,0,0,1,1,1,1,1,1,0,0,0,0,0,0,0,0,0,0,0,0,1,1,1,1,1,1,0,0,0,0,0,0,0,0,1,1
995,0,0,0,41009,97048,41,9,0,0,0,0,0,0,0,46,-123,0,0,0,0,8,0,0,1682,5521,1,7,0,31,0,0,2,4,64979,0,0,0,0,0,0,0,0,0,0,0,0,0,0,0,0,0,0,0,0,0,0,0,0,0,0,0,0,0,0,0,1,0,0,0,0,0,0,0,0,0,0,1,0,0,0,0,0,8,0,0,0,0,0,0,0,0,0,1,1,1,1,1,1,0,0,0,0,0,0,0,0,0,0,0,0,1,1,1,1,1,1,0,0,0,0,0,0,0,0,1,8
996,0,0,0,41009,97048,41,9,0,0,0,0,0,0,0,46,-122,0,0,0,0,12,0,0,5003,16415,3,3,0,46,0,0,3,22,85598,0,0,0,0,0,0,0,0,0,0,0,0,0,0,0,0,0,0,0,0,0,0,0,0,0,0,0,10,0,0,0,1,1200,1500,35,1500,10,10,10,1,1,1,3,0,0,0,0,0,2,0,0,0,1,1,1,1,1,1,0,0,0,0,0,0,0,0,0,0,0,0,0,0,0,0,0,0,1,1,1,1,1,1,0,0,0,0,0,0,0,0,1,2
997,0,0,0,41009,97048,41,9,0,0,0,0,0,0,0,46,-122,0,0,0,0,4,0,0,3015,9894,1,2,0,15,0,0,1,7,62826,0,0,0,0,0,0,0,0,0,0,0,0,0,0,0,0,0,0,0,0,0,0,0,0,0,0,0,4,0,0,0,1,1200,1200,35,35,4,4,4,0,0,0,1,0,0,1,1,1,0,0,0,0,1,1,1,0,0,0,0,0,0,1,1,1,0,0,0,0,0,0,1,1,1,0,0,0,0,0,0,1,1,1,0,0,0,0,0,0,0,0,1,0
998,0,0,0,41009,97048,41,9,0,0,0,0,0,0,0,46,-122,0,0,0,0,22,0,0,6413,21043,3,5,0,85,0,1,1,7,62826,0,0,0,0,0,0,0,0,0,0,0,0,0,0,0,0,0,0,0,0,0,0,0,0,0,0,0,17,0,0,0,1,1200,1200,35,35,17,17,17,0,0,0,3,0,0,0,0,0,5,0,0,0,1,1,1,0,0,0,0,0,0,1,1,1,0,0,0,0,0,0,0,0,0,0,0,0,1,1,1,1,1,1,0,0,0,0,0,0,0,0,1,4
999,0,0,0,41009,97048,41,9,0,0,0,0,0,0,0,46,-122,0,0,0,0,24,0,0,1446,4745,0,26,0,93,0,1,1,7,62826,0,0,0,0,0,0,0,0,0,0,0,0,0,0,0,0,0,0,0,0,0,0,0,0,0,0,0,20,0,0,0,1,1200,1200,35,35,20,20,20,0,0,0,0,0,0,0,0,0,4,0,0,0,1,1,1,0,0,0,0,0,0,1,1,1,0,0,0,0,0,0,0,0,0,0,0,0,1,1,1,1,1,1,0,0,0,0,0,0,0,0,1,4
1000,0,0,0,41009,97048,41,9,0,0,0,0,0,0,0,46,-122,0,0,0,0,12,0,0,952,3125,0,20,0,46,0,0,1,7,66250,0,0,0,0,0,0,0,0,0,0,0,0,0,0,0,0,0,0,0,0,0,0,0,0,0,0,0,10,0,0,0,1,1200,1200,35,35,10,10,10,0,0,0,0,0,0,0,0,0,2,0,0,0,1,1,1,0,0,0,0,0,0,1,1,1,0,0,0,0,0,0,0,0,0,0,0,0,1,1,1,1,1,1,0,0,0,0,0,0,0,0,1,2
1001,0,0,0,41009,97048,41,9,0,0,0,0,0,0,0,46,-122,0,0,0,0,6,0,0,2755,9039,1,3,0,23,0,0,3,9,70865,0,0,0,0,0,0,0,0,0,0,0,0,0,0,0,0,0,0,0,0,0,0,0,0,0,0,0,5,0,0,0,1,1200,1200,35,35,5,5,5,0,0,0,1,0,0,0,0,0,1,0,0,0,1,1,1,0,0,0,0,0,0,1,1,1,0,0,0,0,0,0,0,0,0,0,0,0,1,1,1,1,1,1,0,0,0,0,0,0,0,0,1,1
1002,0,0,0,41009,97048,41,9,0,0,0,0,0,0,0,46,-122,0,0,0,0,20,0,0,3461,11357,2,9,0,77,0,0,3,35,87691,0,0,0,0,0,0,0,0,0,0,0,0,0,0,0,0,0,0,0,0,0,0,0,0,0,0,0,18,0,0,0,1,1200,1500,35,1500,18,18,18,10,10,10,2,0,0,0,0,0,2,0,0,0,1,1,1,1,1,1,0,0,0,0,0,0,0,0,0,0,0,0,0,0,0,0,0,0,1,1,1,1,1,1,0,0,0,0,0,0,0,0,1,1
1003,0,0,0,41009,97048,41,9,0,0,0,0,0,0,0,46,-123,0,0,0,0,4,0,0,451,1482,0,14,0,15,0,0,2,14,71813,0,0,0,0,0,0,0,0,0,0,0,0,0,0,0,0,0,0,0,0,0,0,0,0,0,0,0,1,0,0,0,1,1500,1500,1500,1500,1,1,1,1,1,1,0,0,0,0,0,0,3,0,0,0,1,1,1,1,1,1,0,0,0,0,0,0,0,0,0,0,0,0,0,0,0,0,0,0,1,1,1,1,1,1,0,0,0,0,0,0,0,0,1,3
1004,0,0,0,41009,97048,41,9,0,0,0,0,0,0,0,46,-123,0,0,0,0,15,0,0,1941,6369,1,12,0,58,0,0,3,13,71770,0,0,0,0,0,0,0,0,0,0,0,0,0,0,0,0,0,0,0,0,0,0,0,0,0,0,0,10,0,0,0,1,1500,1500,1500,1500,10,10,10,10,10,10,1,0,0,0,0,0,5,0,0,0,1,1,1,1,1,1,0,0,0,0,0,0,0,0,0,0,0,0,0,0,0,0,0,0,1,1,1,1,1,1,0,0,0,0,0,0,0,0,1,4
1005,0,0,0,41009,97048,41,9,0,0,0,0,0,0,0,46,-123,0,0,0,0,1,0,0,152,501,0,10,0,3,0,0,2,7,63003,0,0,0,0,0,0,0,0,0,0,0,0,0,0,0,0,0,0,0,0,0,0,0,0,0,0,0,1,0,0,0,1,1500,1500,1500,1500,1,1,1,1,1,1,0,0,0,1,1,1,0,1,1,1,1,1,1,1,1,1,0,0,0,0,0,0,0,0,0,0,0,0,1,1,1,1,1,1,0,0,0,0,0,0,0,0,0,0,0,0,0,0,1,0
1006,0,0,0,41009,97048,41,9,0,0,0,0,0,0,0,46,-123,0,0,0,0,8,0,0,754,2476,0,17,0,31,0,0,2,8,66724,0,0,0,0,0,0,0,0,0,0,0,0,0,0,0,0,0,0,0,0,0,0,0,0,0,0,0,5,0,0,0,1,1500,1500,1500,1500,5,5,5,5,5,5,0,0,0,0,0,0,3,0,0,0,1,1,1,1,1,1,0,0,0,0,0,0,0,0,0,0,0,0,0,0,0,0,0,0,1,1,1,1,1,1,0,0,0,0,0,0,0,0,1,3
1007,0,0,0,41009,97048,41,9,0,0,0,0,0,0,0,46,-123,0,0,0,0,5,0,0,176,577,0,45,0,19,0,0,1,15,71938,0,0,0,0,0,0,0,0,0,0,0,0,0,0,0,0,0,0,0,0,0,0,0,0,0,0,0,1,0,0,0,1,1500,1500,1500,1500,1,1,1,1,1,1,0,0,0,0,0,0,4,0,0,0,1,1,1,1,1,1,0,0,0,0,0,0,0,0,0,0,0,0,0,0,0,0,0,0,1,1,1,1,1,1,0,0,0,0,0,0,0,0,1,4
1008,0,0,0,41009,97016,41,9,0,0,0,0,0,0,0,46,-123,0,0,0,0,4,0,0,994,3262,0,6,0,15,0,0,2,10,72400,0,0,0,0,0,0,0,0,0,0,0,0,0,0,0,0,0,0,0,0,0,0,0,0,0,0,0,2,0,0,0,1,1500,1500,1500,1500,2,2,2,2,2,2,0,0,0,0,0,0,2,0,0,0,1,1,1,1,1,1,0,0,0,0,0,0,0,0,0,0,0,0,0,0,0,0,0,0,1,1,1,1,1,1,0,0,0,0,0,0,0,0,1,2
1009,0,0,0,41009,97048,41,9,0,0,0,0,0,0,0,46,-123,0,0,0,0,11,0,0,924,3034,0,19,0,42,0,0,2,11,70430,0,0,0,0,0,0,0,0,0,0,0,0,0,0,0,0,0,0,0,0,0,0,0,0,0,0,0,5,0,0,0,1,1500,1500,1500,1500,5,5,5,5,5,5,0,0,0,0,0,0,6,0,0,0,1,1,1,1,1,1,0,0,0,0,0,0,0,0,0,0,0,0,0,0,0,0,0,0,1,1,1,1,1,1,0,0,0,0,0,0,0,0,1,5
1010,0,0,0,41009,97016,41,9,0,0,0,0,0,0,0,46,-123,0,0,0,0,2,0,0,90,297,0,35,0,7,0,0,1,3,82422,0,0,0,0,0,0,0,0,0,0,0,0,0,1,0,0,0,0,0,0,0,0,0,0,0,0,0,0,0,0,0,1,0,0,0,0,0,0,0,0,0,0,0,0,0,0,0,0,2,0,0,0,0,0,0,0,0,0,1,1,1,1,1,1,0,0,0,0,0,0,0,0,0,0,0,0,1,1,1,1,1,1,0,0,0,0,0,0,0,0,1,2
1012,0,0,0,41009,97048,41,9,0,0,0,0,0,0,0,46,-123,0,0,0,0,8,0,0,2487,8161,1,5,0,31,0,0,3,5,66912,0,0,0,0,0,0,0,0,0,0,0,0,0,0,0,0,0,0,0,0,0,0,0,0,0,0,0,5,0,0,0,1,1500,1500,1500,1500,5,5,5,5,5,5,1,0,0,0,0,0,3,0,0,0,1,1,1,1,1,1,0,0,0,0,0,0,0,0,0,0,0,0,0,0,0,0,0,0,1,1,1,1,1,1,0,0,0,0,0,0,0,0,1,3
1016,0,0,0,41009,97016,41,9,0,0,0,0,0,0,0,46,-123,0,0,0,0,1,0,0,162,532,0,9,0,3,0,0,2,3,81484,0,0,0,0,0,0,0,0,0,0,0,0,0,0,0,0,0,0,0,0,0,0,0,0,0,0,0,0,0,0,0,1,0,0,0,0,0,0,0,0,0,0,0,0,0,0,0,0,1,0,0,0,0,0,0,0,0,0,1,1,1,1,1,1,0,0,0,0,0,0,0,0,0,0,0,0,1,1,1,1,1,1,0,0,0,0,0,0,0,0,1,1
1017,0,0,0,41009,97048,41,9,0,0,0,0,0,0,0,46,-123,0,0,0,0,4,0,0,701,2302,0,9,0,15,0,0,1,7,62826,0,0,0,0,0,0,0,0,0,0,0,0,0,0,0,0,0,0,0,0,0,0,0,0,0,0,0,0,0,0,0,1,0,0,0,0,0,0,0,0,0,0,0,0,0,0,0,0,4,0,0,0,0,0,0,0,0,0,1,1,1,1,1,1,0,0,0,0,0,0,0,0,0,0,0,0,1,1,1,1,1,1,0,0,0,0,0,0,0,0,1,4
1018,0,0,0,41009,97048,41,9,0,0,0,0,0,0,0,46,-123,0,0,0,0,1,0,0,0,0,0,1,0,3,0,0,1,7,62826,0,0,0,0,0,0,0,0,0,0,0,0,0,0,0,0,0,0,0,0,0,0,0,0,0,0,0,0,0,0,0,1,0,0,0,0,0,0,0,0,0,0,0,0,0,0,0,0,1,0,0,0,0,0,0,0,0,0,1,1,1,1,1,1,0,0,0,0,0,0,0,0,0,0,0,0,1,1,1,1,1,1,0,0,0,0,0,0,0,0,1,1
1019,0,0,0,41009,97048,41,9,0,0,0,0,0,0,0,46,-123,0,0,0,0,28,0,0,2151,7057,1,20,0,108,0,0,1,15,71938,0,0,0,0,0,0,0,0,0,0,0,0,0,0,0,0,0,0,0,0,0,0,0,0,0,0,0,26,0,0,0,1,1500,1500,1500,1500,26,26,26,26,26,26,1,0,0,0,0,0,2,0,0,0,1,1,1,1,1,1,0,0,0,0,0,0,0,0,0,0,0,0,0,0,0,0,0,0,1,1,1,1,1,1,0,0,0,0,0,0,0,0,1,1
1020,0,0,0,41009,97048,41,9,0,0,0,0,0,0,0,46,-123,0,0,0,0,22,0,0,1661,5452,1,21,0,85,0,0,2,14,72015,0,0,0,0,0,0,0,0,0,0,0,0,0,0,0,0,0,0,0,0,0,0,0,0,0,0,0,18,0,0,0,1,1500,1500,1500,1500,18,18,18,18,18,18,1,0,0,0,0,0,4,0,0,0,1,1,1,1,1,1,0,0,0,0,0,0,0,0,0,0,0,0,0,0,0,0,0,0,1,1,1,1,1,1,0,0,0,0,0,0,0,0,1,4
1021,0,0,0,41009,97048,41,9,0,0,0,0,0,0,0,46,-123,0,0,0,0,13,0,0,1428,4686,0,14,0,50,0,0,2,10,69250,0,0,0,0,0,0,0,0,0,0,0,0,0,0,0,0,0,0,0,0,0,0,0,0,0,0,0,13,0,0,0,1,1500,1500,1500,1500,13,13,13,13,13,13,0,0,0,1,1,1,0,1,1,1,1,1,1,1,1,1,0,0,0,0,0,0,0,0,0,0,0,0,1,1,1,1,1,1,0,0,0,0,0,0,0,0,0,0,0,0,0,0,1,0
1022,0,0,0,41009,97048,41,9,0,0,0,0,0,0,0,46,-123,0,0,0,0,14,0,0,657,2157,0,34,0,54,0,0,1,15,71938,0,0,0,0,0,0,0,0,0,0,0,0,0,0,0,0,0,0,0,0,0,0,0,0,0,0,0,9,0,0,0,1,1500,1500,1500,1500,9,9,9,9,9,9,0,0,0,0,0,0,5,0,0,0,1,1,1,1,1,1,0,0,0,0,0,0,0,0,0,0,0,0,0,0,0,0,0,0,1,1,1,1,1,1,0,0,0,0,0,0,0,0,1,4
1023,0,0,0,41009,97048,41,9,0,0,0,0,0,0,0,46,-123,0,0,0,0,33,0,0,2060,6761,1,25,0,128,0,0,1,15,71938,0,0,0,0,0,0,0,0,0,0,0,0,0,0,0,0,0,0,0,0,0,0,0,0,0,0,0,28,0,0,0,1,1500,1500,1500,1500,28,28,28,28,28,28,1,0,0,0,0,0,5,0,0,0,1,1,1,1,1,1,0,0,0,0,0,0,0,0,0,0,0,0,0,0,0,0,0,0,1,1,1,1,1,1,0,0,0,0,0,0,0,0,1,5
1024,0,0,0,41009,97048,41,9,0,0,0,0,0,0,0,46,-123,0,0,0,0,15,0,0,1308,4291,0,18,0,58,0,0,2,11,72268,0,0,0,0,0,0,0,0,0,0,0,0,0,0,0,0,0,0,0,0,0,0,0,0,0,0,0,12,0,0,0,1,1500,1500,1500,1500,12,12,12,12,12,12,0,0,0,0,0,0,3,0,0,0,1,1,1,1,1,1,0,0,0,0,0,0,0,0,0,0,0,0,0,0,0,0,0,0,1,1,1,1,1,1,0,0,0,0,0,0,0,0,1,2
1025,0,0,0,41009,97048,41,9,0,0,0,0,0,0,0,46,-123,0,0,0,0,31,0,0,2957,9703,1,16,0,120,0,0,2,13,71389,0,0,0,0,0,0,0,0,0,0,0,0,0,0,0,0,0,0,0,0,0,0,0,0,0,0,0,28,0,0,0,1,1500,1500,1500,1500,28,28,28,28,28,28,1,0,0,0,0,0,3,0,0,0,1,1,1,1,1,1,0,0,0,0,0,0,0,0,0,0,0,0,0,0,0,0,0,0,1,1,1,1,1,1,0,0,0,0,0,0,0,0,1,3
1026,0,0,0,41009,97016,41,9,0,0,0,0,0,0,0,46,-123,0,0,0,0,11,0,0,1144,3753,0,15,0,42,0,0,2,7,73361,0,0,0,0,0,0,0,0,0,0,0,0,0,0,0,0,0,0,0,0,0,0,0,0,0,0,0,9,0,0,0,1,1500,1500,1500,1500,9,9,9,9,9,9,0,0,0,0,0,0,2,0,0,0,1,1,1,1,1,1,0,0,0,0,0,0,0,0,0,0,0,0,0,0,0,0,0,0,1,1,1,1,1,1,0,0,0,0,0,0,0,0,1,2
1027,0,0,0,41009,97016,41,9,0,0,0,0,0,0,0,46,-123,0,0,0,0,1,0,0,0,0,0,1,0,3,0,0,1,3,82422,0,0,0,0,0,0,0,0,0,0,0,0,0,1,0,0,0,0,0,0,0,0,0,0,0,0,0,0,0,0,0,1,0,0,0,0,0,0,0,0,0,0,0,0,0,0,0,0,1,0,0,0,0,0,0,0,0,0,1,1,1,1,1,1,0,0,0,0,0,0,0,0,0,0,0,0,1,1,1,1,1,1,0,0,0,0,0,0,0,0,1,1
1028,0,0,0,41009,97016,41,9,0,0,0,0,0,0,0,46,-123,0,0,0,0,4,0,0,894,2935,0,7,0,15,0,0,1,3,82422,0,0,0,0,0,0,0,0,0,0,0,0,0,1,0,0,0,0,0,0,0,0,0,0,0,0,0,2,0,0,0,1,1500,1500,1500,1500,2,2,2,2,2,2,0,0,0,0,0,0,2,0,0,0,1,1,1,1,1,1,0,0,0,0,0,0,0,0,0,0,0,0,0,0,0,0,0,0,1,1,1,1,1,1,0,0,0,0,0,0,0,0,1,2
1029,0,0,0,41009,97016,41,9,0,0,0,0,0,0,0,46,-123,0,0,0,0,3,0,0,313,1029,0,15,0,11,0,0,1,3,82422,0,0,0,0,0,0,0,0,0,0,0,0,0,1,0,0,0,0,0,0,0,0,0,0,0,0,0,1,0,0,0,1,1500,1500,1500,1500,1,1,1,1,1,1,0,0,0,0,0,0,2,0,0,0,1,1,1,1,1,1,0,0,0,0,0,0,0,0,0,0,0,0,0,0,0,0,0,0,1,1,1,1,1,1,0,0,0,0,0,0,0,0,1,2
1030,0,0,0,41009,97016,41,9,0,0,0,0,0,0,0,46,-123,0,0,0,0,8,0,0,834,2738,0,15,0,31,0,0,1,3,82422,0,0,0,0,0,0,0,0,0,0,0,0,0,0,0,0,0,0,0,0,0,0,0,0,0,0,0,6,0,0,0,1,1500,1500,1500,1500,6,6,6,6,6,6,0,0,0,0,0,0,2,0,0,0,1,1,1,1,1,1,0,0,0,0,0,0,0,0,0,0,0,0,0,0,0,0,0,0,1,1,1,1,1,1,0,0,0,0,0,0,0,0,1,2
1031,0,0,0,41009,97048,41,9,0,0,0,0,0,0,0,46,-123,0,0,0,0,2,0,0,0,0,0,3,0,7,0,0,1,7,62826,0,0,0,0,0,0,0,0,0,0,0,0,0,0,0,0,0,0,0,0,0,0,0,0,0,0,0,0,0,0,0,1,0,0,0,0,0,0,0,0,0,0,0,0,0,0,0,0,2,0,0,0,0,0,0,0,0,0,1,1,1,1,1,1,0,0,0,0,0,0,0,0,0,0,0,0,1,1,1,1,1,1,0,0,0,0,0,0,0,0,1,2
1032,0,0,0,41009,97048,41,9,0,0,0,0,0,0,0,46,-123,0,0,0,0,1,0,0,686,2252,0,2,0,3,0,0,1,7,62826,0,0,0,0,0,0,0,0,0,0,0,0,0,0,0,0,0,0,0,0,0,0,0,0,0,0,0,0,0,0,0,1,0,0,0,0,0,0,0,0,0,0,0,0,0,0,0,0,1,0,0,0,0,0,0,0,0,0,1,1,1,1,1,1,0,0,0,0,0,0,0,0,0,0,0,0,1,1,1,1,1,1,0,0,0,0,0,0,0,0,1,1
1033,0,0,0,41009,97048,41,9,0,0,0,0,0,0,0,46,-123,0,0,0,0,4,0,0,1429,4689,0,4,0,15,0,0,2,8,66606,0,0,0,0,0,0,0,0,0,0,0,0,0,0,0,0,0,0,0,0,0,0,0,0,0,0,0,2,0,0,0,1,1500,1500,1500,1500,2,2,2,2,2,2,0,0,0,0,0,0,2,0,0,0,1,1,1,1,1,1,0,0,0,0,0,0,0,0,0,0,0,0,0,0,0,0,0,0,1,1,1,1,1,1,0,0,0,0,0,0,0,0,1,2
1037,0,0,0,41009,97016,41,9,0,0,0,0,0,0,0,46,-123,0,0,0,0,3,0,0,1391,4566,0,3,0,11,0,0,1,3,64141,0,0,0,0,0,0,0,0,0,0,0,0,0,0,0,0,0,0,0,0,0,0,0,0,0,0,0,1,0,0,0,1,1500,1500,1500,1500,1,1,1,1,1,1,0,0,0,0,0,0,2,0,0,0,1,1,1,1,1,1,0,0,0,0,0,0,0,0,0,0,0,0,0,0,0,0,0,0,1,1,1,1,1,1,0,0,0,0,0,0,0,0,1,2
1038,0,0,0,41009,97048,41,9,0,0,0,0,0,0,0,46,-123,0,0,0,0,1,0,0,649,2130,0,2,0,3,0,0,1,3,64141,0,0,0,0,0,0,0,0,0,0,0,0,0,0,0,0,0,0,0,0,0,0,0,0,0,0,0,0,0,0,0,1,0,0,0,0,0,0,0,0,0,0,0,0,0,0,0,0,1,0,0,0,0,0,0,0,0,0,1,1,1,1,1,1,0,0,0,0,0,0,0,0,0,0,0,0,1,1,1,1,1,1,0,0,0,0,0,0,0,0,1,1
1040,0,0,0,41009,97016,41,9,0,0,0,0,0,0,0,46,-123,0,0,0,0,1,0,0,812,2666,0,1,0,3,0,0,1,3,64141,0,0,0,0,0,0,0,0,0,0,0,0,0,0,0,0,0,0,0,0,0,0,0,0,0,0,0,0,0,0,0,1,0,0,0,0,0,0,0,0,0,0,0,0,0,0,0,0,1,0,0,0,0,0,0,0,0,0,1,1,1,1,1,1,0,0,0,0,0,0,0,0,0,0,0,0,1,1,1,1,1,1,0,0,0,0,0,0,0,0,1,1
1073,0,0,0,41009,97048,41,9,0,0,0,0,0,0,0,46,-123,0,0,0,0,5,0,0,1571,5154,0,5,0,19,0,0,2,7,66232,0,0,0,0,0,0,0,0,0,0,0,0,0,0,0,0,0,0,0,0,0,0,0,0,0,0,0,0,0,0,0,1,0,0,0,0,0,0,0,0,0,0,0,0,0,0,0,0,5,0,0,0,0,0,0,0,0,0,1,1,1,1,1,1,0,0,0,0,0,0,0,0,0,0,0,0,1,1,1,1,1,1,0,0,0,0,0,0,0,0,1,5
1074,0,0,0,41009,97048,41,9,0,0,0,0,0,0,0,46,-123,0,0,0,0,15,0,0,2574,8447,1,9,0,58,0,0,2,4,65228,0,0,0,0,0,0,0,0,0,0,0,0,0,0,0,0,0,0,0,0,0,0,0,0,0,0,0,0,0,0,0,1,0,0,0,0,0,0,0,0,0,0,1,0,0,0,0,0,15,0,0,0,0,0,0,0,0,0,1,1,1,1,1,1,0,0,0,0,0,0,0,0,0,0,0,0,1,1,1,1,1,1,0,0,0,0,0,0,0,0,1,15
1075,0,0,0,41009,97048,41,9,0,0,0,0,0,0,0,46,-123,0,0,0,0,5,0,0,937,3075,0,8,0,19,0,0,1,7,66250,0,0,0,0,0,0,0,0,0,0,0,0,0,0,0,0,0,0,0,0,0,0,0,0,0,0,0,0,0,0,0,1,0,0,0,0,0,0,0,0,0,0,0,0,0,0,0,0,5,0,0,0,0,0,0,0,0,0,1,1,1,1,1,1,0,0,0,0,0,0,0,0,0,0,0,0,1,1,1,1,1,1,0,0,0,0,0,0,0,0,1,5
1076,0,0,0,41009,97048,41,9,0,0,0,0,0,0,0,46,-123,0,0,0,0,8,0,0,2205,7236,1,5,0,30,0,0,2,5,65655,0,0,0,0,0,0,0,0,0,0,0,0,0,0,0,0,0,0,0,0,0,0,0,0,0,0,0,0,0,0,0,1,0,0,0,0,0,0,0,0,0,0,1,0,0,0,0,0,8,0,0,0,0,0,0,0,0,0,1,1,1,1,1,1,0,0,0,0,0,0,0,0,0,0,0,0,1,1,1,1,1,1,0,0,0,0,0,0,0,0,1,8
1077,0,0,0,41009,97048,41,9,0,0,0,0,0,0,0,46,-123,0,0,0,0,1,0,0,749,2459,0,2,0,3,0,0,1,3,64141,0,0,0,0,0,0,0,0,0,0,0,0,0,0,0,0,0,0,0,0,0,0,0,0,0,0,0,0,0,0,0,1,0,0,0,0,0,0,0,0,0,0,0,0,0,0,0,0,1,0,0,0,0,0,0,0,0,0,1,1,1,1,1,1,0,0,0,0,0,0,0,0,0,0,0,0,1,1,1,1,1,1,0,0,0,0,0,0,0,0,1,1
1078,0,0,0,41009,97016,41,9,0,0,0,0,0,0,0,46,-123,0,0,0,0,3,0,0,948,3111,0,5,0,11,0,0,1,3,64141,0,0,0,0,0,0,0,0,0,0,0,0,0,0,0,0,0,0,0,0,0,0,0,0,0,0,0,0,0,0,0,1,0,0,0,0,0,0,0,0,0,0,0,0,0,0,0,0,3,0,0,0,0,0,0,0,0,0,1,1,1,1,1,1,0,0,0,0,0,0,0,0,0,0,0,0,1,1,1,1,1,1,0,0,0,0,0,0,0,0,1,3
1079,0,0,0,41009,97016,41,9,0,0,0,0,0,0,0,46,-123,0,0,0,0,1,0,0,1437,4717,0,1,0,3,0,0,1,3,64141,0,0,0,0,0,0,0,0,0,0,0,0,0,0,0,0,0,0,0,0,0,0,0,0,0,0,0,0,0,0,0,1,0,0,0,0,0,0,0,0,0,0,0,0,0,0,0,0,1,0,0,0,0,0,0,0,0,0,1,1,1,1,1,1,0,0,0,0,0,0,0,0,0,0,0,0,1,1,1,1,1,1,0,0,0,0,0,0,0,0,1,1
1080,0,0,0,41009,97048,41,9,0,0,0,0,0,0,0,46,-123,0,0,0,0,1,0,0,446,1466,0,3,0,3,0,0,1,3,64141,0,0,0,0,0,0,0,0,0,0,0,0,0,0,0,0,0,0,0,0,0,0,0,0,0,0,0,0,0,0,0,1,0,0,0,0,0,0,0,0,0,0,0,0,0,0,0,0,1,0,0,0,0,0,0,0,0,0,1,1,1,1,1,1,0,0,0,0,0,0,0,0,0,0,0,0,1,1,1,1,1,1,0,0,0,0,0,0,0,0,1,1
1081,0,0,0,41009,97016,41,9,0,0,0,0,0,0,0,46,-123,0,0,0,0,6,0,0,868,2849,0,11,0,23,0,0,1,3,64141,0,0,0,0,0,0,0,0,0,0,0,0,0,1,0,0,0,0,0,0,0,0,0,0,0,0,0,0,0,0,0,1,0,0,0,0,0,0,0,0,0,0,0,0,0,0,0,0,6,0,0,0,0,0,0,0,0,0,1,1,1,1,1,1,0,0,0,0,0,0,0,0,0,0,0,0,1,1,1,1,1,1,0,0,0,0,0,0,0,0,1,6
1082,0,0,0,41009,97016,41,9,0,0,0,0,0,0,0,46,-123,0,0,0,0,3,0,0,2500,8204,1,1,0,11,0,0,1,3,64141,0,0,0,0,0,0,0,0,0,0,0,0,0,0,0,0,0,0,0,0,0,0,0,0,0,0,0,1,0,0,0,1,1500,1500,1500,1500,1,1,1,1,1,1,1,0,0,0,0,0,2,0,0,0,1,1,1,1,1,1,0,0,0,0,0,0,0,0,0,0,0,0,0,0,0,0,0,0,1,1,1,1,1,1,0,0,0,0,0,0,0,0,1,2
1083,0,0,0,41009,97048,41,9,0,0,0,0,0,0,0,46,-123,0,0,0,0,11,0,0,1004,3297,0,17,0,42,0,0,1,3,64141,0,0,0,0,0,0,0,0,0,0,0,0,0,0,0,0,0,0,0,0,0,0,0,0,0,0,0,0,0,0,0,1,0,0,0,0,0,0,0,0,0,0,0,0,0,0,0,0,11,0,0,0,0,0,0,0,0,0,1,1,1,1,1,1,0,0,0,0,0,0,0,0,0,0,0,0,1,1,1,1,1,1,0,0,0,0,0,0,0,0,1,11
1084,0,0,0,41009,97048,41,9,0,0,0,0,0,0,0,46,-123,0,0,0,0,2,0,0,0,0,0,3,0,7,0,0,1,7,66250,0,0,0,0,0,0,0,0,0,0,0,0,0,0,0,0,0,0,0,0,0,0,0,0,0,0,0,0,0,0,0,1,0,0,0,0,0,0,0,0,0,0,0,0,0,0,0,0,2,0,0,0,0,0,0,0,0,0,1,1,1,1,1,1,0,0,0,0,0,0,0,0,0,0,0,0,1,1,1,1,1,1,0,0,0,0,0,0,0,0,1,2
1085,0,0,0,41009,97048,41,9,0,0,0,0,0,0,0,46,-122,0,0,0,0,12,0,0,1372,4501,0,14,0,46,0,0,1,7,66250,0,0,0,0,0,0,0,0,0,0,0,0,0,0,0,0,0,0,0,0,0,0,0,0,0,0,0,0,0,0,0,1,0,0,0,0,0,0,0,0,0,0,0,0,0,0,0,0,12,0,0,0,0,0,0,0,0,0,1,1,1,1,1,1,0,0,0,0,0,0,0,0,0,0,0,0,1,1,1,1,1,1,0,0,0,0,0,0,0,0,1,12
1086,0,0,0,41009,97048,41,9,0,0,0,0,0,0,0,46,-123,0,0,0,0,5,0,0,1484,4870,0,5,0,19,0,0,1,7,66250,0,0,0,0,0,0,0,0,0,0,0,0,0,0,0,0,0,0,0,0,0,0,0,0,0,0,0,0,0,0,0,1,0,0,0,0,0,0,0,0,0,0,0,0,0,0,0,0,5,0,0,0,0,0,0,0,0,0,1,1,1,1,1,1,0,0,0,0,0,0,0,0,0,0,0,0,1,1,1,1,1,1,0,0,0,0,0,0,0,0,1,5
1087,0,0,0,41009,97048,41,9,0,0,0,0,0,0,0,46,-123,0,0,0,0,6,0,0,541,1776,0,17,0,23,0,0,1,7,66250,0,0,0,0,0,0,0,0,0,0,0,0,0,0,0,0,0,0,0,0,0,0,0,0,0,0,0,0,0,0,0,1,0,0,0,0,0,0,0,0,0,0,0,0,0,0,0,0,6,0,0,0,0,0,0,0,0,0,1,1,1,1,1,1,0,0,0,0,0,0,0,0,0,0,0,0,1,1,1,1,1,1,0,0,0,0,0,0,0,0,1,6
1088,0,0,0,41009,97048,41,9,0,0,0,0,0,0,0,46,-122,0,0,0,0,4,0,0,1607,5275,0,4,0,15,0,0,1,7,66250,0,0,0,0,0,0,0,0,0,0,0,0,0,0,0,0,0,0,0,0,0,0,0,0,0,0,0,0,0,0,0,1,0,0,0,0,0,0,0,0,0,0,0,0,0,0,0,0,4,0,0,0,0,0,0,0,0,0,1,1,1,1,1,1,0,0,0,0,0,0,0,0,0,0,0,0,1,1,1,1,1,1,0,0,0,0,0,0,0,0,1,4
1089,0,0,0,41009,97048,41,9,0,0,0,0,0,0,0,46,-123,0,0,0,0,8,0,0,1562,5126,0,8,0,31,0,0,2,4,65342,0,0,0,0,0,0,0,0,0,0,0,0,0,0,0,0,0,0,0,0,0,0,0,0,0,0,0,0,0,0,0,1,0,0,0,0,0,0,0,0,0,0,0,0,0,0,0,0,8,0,0,0,0,0,0,0,0,0,1,1,1,1,1,1,0,0,0,0,0,0,0,0,0,0,0,0,1,1,1,1,1,1,0,0,0,0,0,0,0,0,1,8
1090,0,0,0,41009,97048,41,9,0,0,0,0,0,0,0,46,-123,0,0,0,0,5,0,0,1641,5384,1,4,0,19,0,0,2,4,65179,0,0,0,0,0,0,0,0,0,0,0,0,0,0,0,0,0,0,0,0,0,0,0,0,0,0,0,0,0,0,0,1,0,0,0,0,0,0,0,0,0,0,1,0,0,0,0,0,5,0,0,0,0,0,0,0,0,0,1,1,1,1,1,1,0,0,0,0,0,0,0,0,0,0,0,0,1,1,1,1,1,1,0,0,0,0,0,0,0,0,1,5
1091,0,0,0,41009,97048,41,9,0,0,0,0,0,0,0,46,-123,0,0,0,0,9,0,0,1280,4200,0,11,0,34,0,0,2,5,65665,0,0,0,0,0,0,0,0,0,0,0,0,0,0,0,0,0,0,0,0,0,0,0,0,0,0,0,0,0,0,0,1,0,0,0,0,0,0,0,0,0,0,0,0,0,0,0,0,9,0,0,0,0,0,0,0,0,0,1,1,1,1,1,1,0,0,0,0,0,0,0,0,0,0,0,0,1,1,1,1,1,1,0,0,0,0,0,0,0,0,1,9
1092,0,0,0,41009,97048,41,9,0,0,0,0,0,0,0,46,-123,0,0,0,0,1,0,0,828,2719,0,1,0,3,0,0,1,3,64141,0,0,0,0,0,0,0,0,0,0,0,0,0,0,0,0,0,0,0,0,0,0,0,0,0,0,0,0,0,0,0,1,0,0,0,0,0,0,0,0,0,0,0,0,0,0,0,0,1,0,0,0,0,0,0,0,0,0,1,1,1,1,1,1,0,0,0,0,0,0,0,0,0,0,0,0,1,1,1,1,1,1,0,0,0,0,0,0,0,0,1,1
1093,0,0,0,41009,97048,41,9,0,0,0,0,0,0,0,46,-123,0,0,0,0,1,0,0,0,0,0,1,0,3,0,0,1,7,66250,0,0,0,0,0,0,0,0,0,0,0,0,0,0,0,0,0,0,0,0,0,0,0,0,0,0,0,0,0,0,0,1,0,0,0,0,0,0,0,0,0,0,0,0,0,0,0,0,1,0,0,0,0,0,0,0,0,0,1,1,1,1,1,1,0,0,0,0,0,0,0,0,0,0,0,0,1,1,1,1,1,1,0,0,0,0,0,0,0,0,1,1
1094,0,0,0,41009,97048,41,9,0,0,0,0,0,0,0,46,-123,0,0,0,0,5,0,0,1401,4599,0,5,0,19,0,0,2,3,64437,0,0,0,0,0,0,0,0,0,0,0,0,0,0,0,0,0,0,0,0,0,0,0,0,0,0,0,0,0,0,0,1,0,0,0,0,0,0,0,0,0,0,0,0,0,0,0,0,5,0,0,0,0,0,0,0,0,0,1,1,1,1,1,1,0,0,0,0,0,0,0,0,0,0,0,0,1,1,1,1,1,1,0,0,0,0,0,0,0,0,1,5
1095,0,0,0,41009,97048,41,9,0,0,0,0,0,0,0,46,-123,0,0,0,0,6,0,0,165,542,0,58,0,23,0,0,2,7,66250,0,0,0,0,0,0,0,0,0,0,0,0,0,0,0,0,0,0,0,0,0,0,0,0,0,0,0,0,0,0,0,1,0,0,0,0,0,0,0,0,0,0,0,0,0,0,0,0,6,0,0,0,0,0,0,0,0,0,1,1,1,1,1,1,0,0,0,0,0,0,0,0,0,0,0,0,1,1,1,1,1,1,0,0,0,0,0,0,0,0,1,6
1096,0,0,0,41009,97048,41,9,0,0,0,0,0,0,0,46,-123,0,0,0,0,13,0,0,1502,4931,0,13,0,50,0,0,2,7,66219,0,0,0,0,0,0,0,0,0,0,0,0,0,0,0,0,0,0,0,0,0,0,0,0,0,0,0,0,0,0,0,1,0,0,0,0,0,0,0,0,0,0,0,0,0,0,0,0,13,0,0,0,0,0,0,0,0,0,1,1,1,1,1,1,0,0,0,0,0,0,0,0,0,0,0,0,1,1,1,1,1,1,0,0,0,0,0,0,0,0,1,13
1097,0,0,0,41009,97048,41,9,0,0,0,0,0,0,0,46,-123,0,0,0,0,6,0,0,1869,6132,1,5,0,23,0,0,2,7,66193,0,0,0,0,0,0,0,0,0,0,0,0,0,0,0,0,0,0,0,0,0,0,0,0,0,0,0,0,0,0,0,1,0,0,0,0,0,0,0,0,0,0,1,0,0,0,0,0,6,0,0,0,0,0,0,0,0,0,1,1,1,1,1,1,0,0,0,0,0,0,0,0,0,0,0,0,1,1,1,1,1,1,0,0,0,0,0,0,0,0,1,6
1098,0,0,0,41009,97048,41,9,0,0,0,0,0,0,0,46,-123,0,0,0,0,8,0,0,770,2529,0,16,0,30,0,0,2,7,66357,0,0,0,0,0,0,0,0,0,0,0,0,0,0,0,0,0,0,0,0,0,0,0,0,0,0,0,0,0,0,0,1,0,0,0,0,0,0,0,0,0,0,0,0,0,0,0,0,8,0,0,0,0,0,0,0,0,0,1,1,1,1,1,1,0,0,0,0,0,0,0,0,0,0,0,0,1,1,1,1,1,1,0,0,0,0,0,0,0,0,1,8
1099,0,0,0,41009,97048,41,9,0,0,0,0,0,0,0,46,-122,0,0,0,0,9,0,0,1880,6168,1,7,0,34,0,0,2,5,67364,0,0,0,0,0,0,0,0,0,0,0,0,0,0,0,0,0,0,0,0,0,0,0,0,0,0,0,0,0,0,0,1,0,0,0,0,0,0,0,0,0,0,1,0,0,0,0,0,9,0,0,0,0,0,0,0,0,0,1,1,1,1,1,1,0,0,0,0,0,0,0,0,0,0,0,0,1,1,1,1,1,1,0,0,0,0,0,0,0,0,1,9
1100,0,0,0,41009,97048,41,9,0,0,0,0,0,0,0,46,-123,0,0,0,0,1,0,0,390,1281,0,4,0,3,0,0,1,7,66250,0,0,0,0,0,0,0,0,0,0,0,0,0,0,0,0,0,0,0,0,0,0,0,0,0,0,0,0,0,0,0,1,0,0,0,0,0,0,0,0,0,0,0,0,0,0,0,0,1,0,0,0,0,0,0,0,0,0,1,1,1,1,1,1,0,0,0,0,0,0,0,0,0,0,0,0,1,1,1,1,1,1,0,0,0,0,0,0,0,0,1,1
1101,0,0,0,41009,97048,41,9,0,0,0,0,0,0,0,46,-122,0,0,0,0,8,0,0,1838,6030,1,7,0,30,0,0,1,3,68958,0,0,0,0,0,0,0,0,0,0,0,0,0,0,0,0,0,0,0,0,0,0,0,0,0,0,0,0,0,0,0,1,0,0,0,0,0,0,0,0,0,0,1,0,0,0,0,0,8,0,0,0,0,0,0,0,0,0,1,1,1,1,1,1,0,0,0,0,0,0,0,0,0,0,0,0,1,1,1,1,1,1,0,0,0,0,0,0,0,0,1,8
1102,0,0,0,41009,97048,41,9,0,0,0,0,0,0,0,46,-122,0,0,0,0,9,0,0,1303,4275,0,11,0,34,0,0,2,6,66764,0,0,0,0,0,0,0,0,0,0,0,0,0,0,0,0,0,0,0,0,0,0,0,0,0,0,0,0,0,0,0,1,0,0,0,0,0,0,0,0,0,0,0,0,0,0,0,0,9,0,0,0,0,0,0,0,0,0,1,1,1,1,1,1,0,0,0,0,0,0,0,0,0,0,0,0,1,1,1,1,1,1,0,0,0,0,0,0,0,0,1,9
1103,0,0,0,41009,97048,41,9,0,0,0,0,0,0,0,46,-123,0,0,0,0,6,0,0,1271,4171,0,7,0,23,0,0,2,5,67266,0,0,0,0,0,0,0,0,0,0,0,0,0,0,0,0,0,0,0,0,0,0,0,0,0,0,0,0,0,0,0,1,0,0,0,0,0,0,0,0,0,0,0,0,0,0,0,0,6,0,0,0,0,0,0,0,0,0,1,1,1,1,1,1,0,0,0,0,0,0,0,0,0,0,0,0,1,1,1,1,1,1,0,0,0,0,0,0,0,0,1,6
1104,0,0,0,41009,97048,41,9,0,0,0,0,0,0,0,46,-123,0,0,0,0,6,0,0,2017,6619,1,4,0,23,0,0,1,7,66250,0,0,0,0,0,0,0,0,0,0,0,0,0,0,0,0,0,0,0,0,0,0,0,0,0,0,0,0,0,0,0,1,0,0,0,0,0,0,0,0,0,0,1,0,0,0,0,0,6,0,0,0,0,0,0,0,0,0,1,1,1,1,1,1,0,0,0,0,0,0,0,0,0,0,0,0,1,1,1,1,1,1,0,0,0,0,0,0,0,0,1,6
1105,0,0,0,41009,97048,41,9,0,0,0,0,0,0,0,46,-122,0,0,0,0,3,0,0,1029,3378,0,4,0,11,0,0,1,3,68958,0,0,0,0,0,0,0,0,0,0,0,0,0,0,0,0,0,0,0,0,0,0,0,0,0,0,0,0,0,0,0,1,0,0,0,0,0,0,0,0,0,0,0,0,0,0,0,0,3,0,0,0,0,0,0,0,0,0,1,1,1,1,1,1,0,0,0,0,0,0,0,0,0,0,0,0,1,1,1,1,1,1,0,0,0,0,0,0,0,0,1,3
